order_id,customer_id,order_date,revenue
ORD000001,CUST00001,2025-04-13,97.46
ORD000002,CUST00002,2025-12-15,143.74
ORD000003,CUST00003,2025-09-28,47.02
ORD000004,CUST00004,2025-04-17,92.22
ORD000005,CUST00005,2025-03-13,266.0
ORD000006,CUST00006,2025-07-08,224.18
ORD000007,CUST00007,2025-01-21,87.45
ORD000008,CUST00008,2025-04-13,114.25
ORD000009,CUST00009,2025-05-02,79.36
ORD000010,CUST00010,2025-08-03,63.13
ORD000011,CUST00011,2025-11-27,81.57
ORD000012,CUST00012,2025-03-29,115.21
ORD000013,CUST00013,2025-04-10,102.9
ORD000014,CUST00014,2025-12-26,191.83
ORD000015,CUST00015,2025-06-01,26.63
ORD000016,CUST00016,2025-05-11,30.4
ORD000017,CUST00017,2025-05-30,86.69
ORD000018,CUST00018,2025-11-05,148.97
ORD000019,CUST00019,2025-09-15,170.93
ORD000020,CUST00020,2025-12-10,65.15
ORD000021,CUST00021,2025-10-21,5.11
ORD000022,CUST00022,2025-07-11,66.85
ORD000023,CUST00023,2025-10-04,135.01
ORD000024,CUST00024,2025-06-10,101.52
ORD000025,CUST00025,2025-11-10,152.64
ORD000026,CUST00026,2025-01-22,221.39
ORD000027,CUST00027,2025-09-10,91.21
ORD000028,CUST00028,2025-08-24,72.83
ORD000029,CUST00029,2025-12-11,49.5
ORD000030,CUST00030,2025-02-18,30.23
ORD000031,CUST00031,2025-02-28,22.89
ORD000032,CUST00032,2025-06-19,60.15
ORD000033,CUST00033,2025-07-07,202.31
ORD000034,CUST00034,2025-09-28,162.5
ORD000035,CUST00035,2025-07-09,70.19
ORD000036,CUST00036,2025-06-24,365.07
ORD000037,CUST00037,2025-02-20,63.55
ORD000038,CUST00038,2025-12-30,234.84
ORD000039,CUST00039,2025-02-24,270.38
ORD000040,CUST00040,2025-09-01,141.25
ORD000041,CUST00041,2025-11-16,59.7
ORD000042,CUST00042,2025-05-11,77.59
ORD000043,CUST00043,2025-11-03,117.18
ORD000044,CUST00044,2025-05-15,31.06
ORD000045,CUST00045,2025-01-21,45.6
ORD000046,CUST00046,2025-11-25,42.38
ORD000047,CUST00047,2025-06-16,148.5
ORD000048,CUST00048,2025-10-01,220.03
ORD000049,CUST00049,2025-03-30,166.72
ORD000050,CUST00050,2025-11-12,197.18
ORD000051,CUST00051,2025-01-14,55.65
ORD000052,CUST00052,2025-08-30,80.28
ORD000053,CUST00053,2025-09-22,84.95
ORD000054,CUST00054,2025-12-12,140.88
ORD000055,CUST00055,2025-02-22,61.5
ORD000056,CUST00056,2025-12-06,189.36
ORD000057,CUST00057,2025-04-02,265.68
ORD000058,CUST00058,2025-09-21,145.75
ORD000059,CUST00059,2025-02-04,77.61
ORD000060,CUST00060,2025-07-25,51.64
ORD000061,CUST00061,2025-03-22,42.47
ORD000062,CUST00062,2025-02-19,14.46
ORD000063,CUST00063,2025-12-26,86.92
ORD000064,CUST00064,2025-01-02,83.24
ORD000065,CUST00065,2025-02-23,181.85
ORD000066,CUST00066,2025-04-16,64.79
ORD000067,CUST00067,2025-09-17,90.61
ORD000068,CUST00068,2025-11-06,125.4
ORD000069,CUST00069,2025-07-10,144.16
ORD000070,CUST00070,2025-08-06,168.38
ORD000071,CUST00071,2025-02-13,116.88
ORD000072,CUST00072,2025-06-11,32.8
ORD000073,CUST00073,2025-07-21,135.72
ORD000074,CUST00074,2025-09-27,61.09
ORD000075,CUST00075,2025-12-17,226.66
ORD000076,CUST00076,2025-10-31,104.27
ORD000077,CUST00077,2025-09-28,121.84
ORD000078,CUST00078,2025-08-03,448.52
ORD000079,CUST00079,2025-09-09,170.32
ORD000080,CUST00080,2025-07-09,134.05
ORD000081,CUST00081,2025-10-23,92.61
ORD000082,CUST00082,2025-08-01,35.41
ORD000083,CUST00083,2025-07-27,87.75
ORD000084,CUST00084,2025-08-25,51.1
ORD000085,CUST00085,2025-12-04,286.22
ORD000086,CUST00086,2025-02-22,135.27
ORD000087,CUST00087,2025-10-07,221.39
ORD000088,CUST00088,2025-08-05,63.32
ORD000089,CUST00089,2025-09-09,54.26
ORD000090,CUST00090,2025-07-07,159.49
ORD000091,CUST00091,2025-02-10,49.37
ORD000092,CUST00092,2025-06-06,73.18
ORD000093,CUST00093,2025-01-15,294.79
ORD000094,CUST00094,2025-10-28,75.47
ORD000095,CUST00095,2025-03-06,28.71
ORD000096,CUST00096,2025-12-11,19.05
ORD000097,CUST00097,2025-11-23,25.4
ORD000098,CUST00098,2025-01-09,229.77
ORD000099,CUST00099,2025-12-10,66.53
ORD000100,CUST00100,2025-05-09,439.84
ORD000101,CUST00101,2025-05-16,267.61
ORD000102,CUST00102,2025-03-04,339.23
ORD000103,CUST00103,2025-05-19,200.45
ORD000104,CUST00104,2025-03-22,153.94
ORD000105,CUST00105,2025-06-12,52.64
ORD000106,CUST00106,2025-10-16,102.41
ORD000107,CUST00107,2025-09-18,164.39
ORD000108,CUST00108,2025-08-19,192.48
ORD000109,CUST00109,2025-02-10,38.55
ORD000110,CUST00110,2025-01-28,88.79
ORD000111,CUST00111,2025-05-15,96.58
ORD000112,CUST00112,2025-07-20,93.79
ORD000113,CUST00113,2025-11-24,43.33
ORD000114,CUST00114,2025-09-25,314.52
ORD000115,CUST00115,2025-02-02,86.57
ORD000116,CUST00116,2025-02-17,46.13
ORD000117,CUST00117,2025-03-03,319.38
ORD000118,CUST00118,2025-08-04,267.78
ORD000119,CUST00119,2025-10-20,113.62
ORD000120,CUST00120,2025-04-09,71.48
ORD000121,CUST00121,2025-06-21,23.41
ORD000122,CUST00122,2025-12-26,146.3
ORD000123,CUST00123,2025-08-02,67.61
ORD000124,CUST00124,2025-02-04,100.61
ORD000125,CUST00125,2025-08-15,301.72
ORD000126,CUST00126,2025-04-11,63.74
ORD000127,CUST00127,2025-05-11,142.07
ORD000128,CUST00128,2025-09-14,171.66
ORD000129,CUST00129,2025-01-05,225.22
ORD000130,CUST00130,2025-08-06,95.32
ORD000131,CUST00131,2025-09-12,88.11
ORD000132,CUST00132,2025-12-25,86.57
ORD000133,CUST00133,2025-10-10,132.82
ORD000134,CUST00134,2025-07-26,260.64
ORD000135,CUST00135,2025-01-15,83.61
ORD000136,CUST00136,2025-12-12,7.0
ORD000137,CUST00137,2025-02-11,184.46
ORD000138,CUST00138,2025-06-28,107.78
ORD000139,CUST00139,2025-03-04,146.52
ORD000140,CUST00140,2025-12-18,24.32
ORD000141,CUST00141,2025-08-19,67.82
ORD000142,CUST00142,2025-08-29,174.66
ORD000143,CUST00143,2025-02-21,34.31
ORD000144,CUST00144,2025-04-06,141.86
ORD000145,CUST00145,2025-08-10,100.01
ORD000146,CUST00146,2025-08-19,56.77
ORD000147,CUST00147,2025-08-25,53.02
ORD000148,CUST00148,2025-05-23,43.69
ORD000149,CUST00149,2025-06-20,107.37
ORD000150,CUST00150,2025-01-29,116.5
ORD000151,CUST00151,2025-02-05,77.48
ORD000152,CUST00152,2025-01-13,41.34
ORD000153,CUST00153,2025-06-09,139.09
ORD000154,CUST00154,2025-11-23,186.67
ORD000155,CUST00155,2025-07-06,156.57
ORD000156,CUST00156,2025-08-31,347.87
ORD000157,CUST00157,2025-03-27,89.53
ORD000158,CUST00158,2025-10-11,244.51
ORD000159,CUST00159,2025-03-07,61.37
ORD000160,CUST00160,2025-06-19,53.56
ORD000161,CUST00161,2025-02-14,112.16
ORD000162,CUST00162,2025-03-03,279.54
ORD000163,CUST00163,2025-05-14,82.26
ORD000164,CUST00164,2025-10-11,24.31
ORD000165,CUST00165,2025-01-28,184.35
ORD000166,CUST00166,2025-04-18,96.93
ORD000167,CUST00167,2025-02-13,126.79
ORD000168,CUST00168,2025-12-06,55.9
ORD000169,CUST00169,2025-10-13,111.42
ORD000170,CUST00170,2025-11-27,28.08
ORD000171,CUST00171,2025-05-08,317.57
ORD000172,CUST00172,2025-12-14,207.09
ORD000173,CUST00173,2025-08-19,107.85
ORD000174,CUST00174,2025-07-09,181.0
ORD000175,CUST00175,2025-08-13,61.5
ORD000176,CUST00176,2025-10-10,201.14
ORD000177,CUST00177,2025-05-01,79.51
ORD000178,CUST00178,2025-04-26,75.22
ORD000179,CUST00179,2025-08-21,46.32
ORD000180,CUST00180,2025-09-16,137.9
ORD000181,CUST00181,2025-12-25,104.5
ORD000182,CUST00182,2025-07-17,249.55
ORD000183,CUST00183,2025-05-17,41.74
ORD000184,CUST00184,2025-11-14,138.33
ORD000185,CUST00185,2025-06-14,220.24
ORD000186,CUST00186,2025-08-13,117.98
ORD000187,CUST00187,2025-11-03,78.35
ORD000188,CUST00188,2025-08-22,115.85
ORD000189,CUST00189,2025-06-21,236.91
ORD000190,CUST00190,2025-06-01,236.85
ORD000191,CUST00191,2025-11-11,94.05
ORD000192,CUST00192,2025-06-09,234.22
ORD000193,CUST00193,2025-04-06,100.96
ORD000194,CUST00194,2025-08-21,179.68
ORD000195,CUST00195,2025-06-29,149.47
ORD000196,CUST00196,2025-04-23,75.95
ORD000197,CUST00197,2025-11-14,47.78
ORD000198,CUST00198,2025-02-21,223.98
ORD000199,CUST00199,2025-09-25,264.67
ORD000200,CUST00200,2025-10-22,136.09
ORD000201,CUST00201,2025-04-23,100.86
ORD000202,CUST00202,2025-04-11,37.11
ORD000203,CUST00203,2025-04-23,220.27
ORD000204,CUST00204,2025-03-22,125.46
ORD000205,CUST00205,2025-07-06,84.41
ORD000206,CUST00206,2025-04-23,183.04
ORD000207,CUST00207,2025-01-02,31.1
ORD000208,CUST00208,2025-05-10,44.35
ORD000209,CUST00209,2025-08-08,59.7
ORD000210,CUST00210,2025-02-23,146.33
ORD000211,CUST00211,2025-12-09,116.76
ORD000212,CUST00212,2025-08-12,158.13
ORD000213,CUST00213,2025-08-13,210.67
ORD000214,CUST00214,2025-05-06,161.95
ORD000215,CUST00215,2025-05-10,321.83
ORD000216,CUST00216,2025-02-22,210.35
ORD000217,CUST00217,2025-06-21,93.88
ORD000218,CUST00218,2025-08-06,67.46
ORD000219,CUST00219,2025-06-09,96.01
ORD000220,CUST00220,2025-07-17,165.74
ORD000221,CUST00221,2025-09-04,73.3
ORD000222,CUST00222,2025-11-20,168.79
ORD000223,CUST00223,2025-07-22,156.2
ORD000224,CUST00224,2025-07-03,47.2
ORD000225,CUST00225,2025-05-03,207.8
ORD000226,CUST00226,2025-09-12,132.81
ORD000227,CUST00227,2025-10-21,312.0
ORD000228,CUST00228,2025-10-07,101.21
ORD000229,CUST00229,2025-11-21,81.53
ORD000230,CUST00230,2025-04-08,42.1
ORD000231,CUST00231,2025-07-17,41.52
ORD000232,CUST00232,2025-08-28,191.91
ORD000233,CUST00233,2025-05-24,292.32
ORD000234,CUST00234,2025-04-07,95.02
ORD000235,CUST00235,2025-07-20,90.5
ORD000236,CUST00236,2025-05-04,108.02
ORD000237,CUST00237,2025-07-06,217.06
ORD000238,CUST00238,2025-11-22,47.56
ORD000239,CUST00239,2025-12-15,121.64
ORD000240,CUST00240,2025-09-16,194.77
ORD000241,CUST00241,2025-05-28,145.11
ORD000242,CUST00242,2025-09-09,4.05
ORD000243,CUST00243,2025-12-12,162.49
ORD000244,CUST00244,2025-05-27,146.07
ORD000245,CUST00245,2025-05-28,244.35
ORD000246,CUST00246,2025-12-18,277.73
ORD000247,CUST00247,2025-07-18,236.56
ORD000248,CUST00248,2025-11-04,108.44
ORD000249,CUST00249,2025-05-08,23.21
ORD000250,CUST00250,2025-02-08,90.01
ORD000251,CUST00251,2025-12-04,105.98
ORD000252,CUST00252,2025-12-26,289.98
ORD000253,CUST00253,2025-05-09,56.37
ORD000254,CUST00254,2025-09-24,31.99
ORD000255,CUST00255,2025-05-31,73.67
ORD000256,CUST00256,2025-10-25,58.93
ORD000257,CUST00257,2025-04-09,29.1
ORD000258,CUST00258,2025-09-20,96.55
ORD000259,CUST00259,2025-09-09,108.99
ORD000260,CUST00260,2025-05-24,27.47
ORD000261,CUST00261,2025-12-12,81.14
ORD000262,CUST00262,2025-04-22,55.88
ORD000263,CUST00263,2025-03-01,111.56
ORD000264,CUST00264,2025-01-02,119.53
ORD000265,CUST00265,2025-10-31,55.89
ORD000266,CUST00266,2025-09-11,206.61
ORD000267,CUST00267,2025-05-20,104.28
ORD000268,CUST00268,2025-02-06,58.1
ORD000269,CUST00269,2025-06-09,25.76
ORD000270,CUST00270,2025-01-09,124.08
ORD000271,CUST00271,2025-08-21,145.84
ORD000272,CUST00272,2025-04-09,70.48
ORD000273,CUST00273,2025-05-27,114.1
ORD000274,CUST00274,2025-10-31,277.72
ORD000275,CUST00275,2025-07-27,185.88
ORD000276,CUST00276,2025-05-11,11.0
ORD000277,CUST00277,2025-06-01,57.55
ORD000278,CUST00278,2025-02-23,93.12
ORD000279,CUST00279,2025-04-30,108.55
ORD000280,CUST00280,2025-06-10,115.87
ORD000281,CUST00281,2025-04-26,139.59
ORD000282,CUST00282,2025-03-16,95.44
ORD000283,CUST00283,2025-04-23,104.09
ORD000284,CUST00284,2025-04-14,192.24
ORD000285,CUST00285,2025-12-06,125.79
ORD000286,CUST00286,2025-09-11,38.47
ORD000287,CUST00287,2025-08-15,111.04
ORD000288,CUST00288,2025-04-22,93.31
ORD000289,CUST00289,2025-04-09,16.25
ORD000290,CUST00290,2025-06-02,115.15
ORD000291,CUST00291,2025-12-15,43.19
ORD000292,CUST00292,2025-12-04,194.1
ORD000293,CUST00293,2025-07-13,138.23
ORD000294,CUST00294,2025-11-06,36.56
ORD000295,CUST00295,2025-06-12,188.38
ORD000296,CUST00296,2025-07-27,246.88
ORD000297,CUST00297,2025-06-18,85.0
ORD000298,CUST00298,2025-06-10,92.9
ORD000299,CUST00299,2025-03-09,176.44
ORD000300,CUST00300,2025-10-16,235.18
ORD000301,CUST00301,2025-10-04,21.56
ORD000302,CUST00302,2025-10-31,40.57
ORD000303,CUST00303,2025-05-15,74.79
ORD000304,CUST00304,2025-07-14,81.22
ORD000305,CUST00305,2025-05-08,173.1
ORD000306,CUST00306,2025-02-02,235.96
ORD000307,CUST00307,2025-06-25,247.31
ORD000308,CUST00308,2025-01-22,21.01
ORD000309,CUST00309,2025-08-26,53.24
ORD000310,CUST00310,2025-06-07,64.27
ORD000311,CUST00311,2025-02-07,53.06
ORD000312,CUST00312,2025-08-18,137.94
ORD000313,CUST00313,2025-12-31,149.43
ORD000314,CUST00314,2025-02-20,103.15
ORD000315,CUST00315,2025-09-21,96.17
ORD000316,CUST00316,2025-10-10,77.3
ORD000317,CUST00317,2025-01-27,84.42
ORD000318,CUST00318,2025-08-14,275.74
ORD000319,CUST00319,2025-10-04,164.45
ORD000320,CUST00320,2025-10-13,79.57
ORD000321,CUST00321,2025-04-07,94.81
ORD000322,CUST00322,2025-10-11,140.12
ORD000323,CUST00323,2025-11-13,36.55
ORD000324,CUST00324,2025-10-31,113.79
ORD000325,CUST00325,2025-05-27,158.46
ORD000326,CUST00326,2025-01-04,145.09
ORD000327,CUST00327,2025-02-04,54.12
ORD000328,CUST00328,2025-07-11,62.72
ORD000329,CUST00329,2025-02-18,14.2
ORD000330,CUST00330,2025-01-17,169.75
ORD000331,CUST00331,2025-06-21,350.69
ORD000332,CUST00332,2025-08-08,47.92
ORD000333,CUST00333,2025-06-07,209.61
ORD000334,CUST00334,2025-02-15,331.33
ORD000335,CUST00335,2025-01-06,71.52
ORD000336,CUST00336,2025-04-09,94.91
ORD000337,CUST00337,2025-08-21,122.94
ORD000338,CUST00338,2025-02-06,141.97
ORD000339,CUST00339,2025-10-07,127.6
ORD000340,CUST00340,2025-12-15,75.96
ORD000341,CUST00341,2025-10-29,156.82
ORD000342,CUST00342,2025-06-30,77.32
ORD000343,CUST00343,2025-04-05,133.69
ORD000344,CUST00344,2025-04-09,100.48
ORD000345,CUST00345,2025-07-07,18.76
ORD000346,CUST00346,2025-04-26,229.68
ORD000347,CUST00347,2025-07-10,64.1
ORD000348,CUST00348,2025-09-10,244.45
ORD000349,CUST00349,2025-06-10,204.23
ORD000350,CUST00350,2025-09-13,120.37
ORD000351,CUST00351,2025-11-19,147.02
ORD000352,CUST00352,2025-05-08,159.18
ORD000353,CUST00353,2025-01-18,88.54
ORD000354,CUST00354,2025-10-08,91.71
ORD000355,CUST00355,2025-08-11,154.04
ORD000356,CUST00356,2025-02-23,101.27
ORD000357,CUST00357,2025-02-27,76.15
ORD000358,CUST00358,2025-11-19,54.85
ORD000359,CUST00359,2025-12-26,136.39
ORD000360,CUST00360,2025-06-23,62.41
ORD000361,CUST00361,2025-10-07,182.06
ORD000362,CUST00362,2025-04-24,192.23
ORD000363,CUST00363,2025-10-15,146.25
ORD000364,CUST00364,2025-12-08,167.36
ORD000365,CUST00365,2025-05-31,146.54
ORD000366,CUST00366,2025-05-07,175.32
ORD000367,CUST00367,2025-06-04,170.42
ORD000368,CUST00368,2025-09-30,131.41
ORD000369,CUST00369,2025-04-14,205.91
ORD000370,CUST00370,2025-10-26,90.89
ORD000371,CUST00371,2025-09-03,56.25
ORD000372,CUST00372,2025-06-25,53.89
ORD000373,CUST00373,2025-02-08,81.22
ORD000374,CUST00374,2025-06-19,15.99
ORD000375,CUST00375,2025-09-04,119.54
ORD000376,CUST00376,2025-01-26,160.6
ORD000377,CUST00377,2025-12-21,190.46
ORD000378,CUST00378,2025-11-02,23.05
ORD000379,CUST00379,2025-01-13,55.36
ORD000380,CUST00380,2025-11-12,178.46
ORD000381,CUST00381,2025-11-09,88.78
ORD000382,CUST00382,2025-02-05,158.2
ORD000383,CUST00383,2025-06-22,34.86
ORD000384,CUST00384,2025-01-20,242.61
ORD000385,CUST00385,2025-11-17,32.38
ORD000386,CUST00386,2025-09-21,117.11
ORD000387,CUST00387,2025-05-22,119.24
ORD000388,CUST00388,2025-05-23,69.98
ORD000389,CUST00389,2025-04-02,142.78
ORD000390,CUST00390,2025-12-20,145.53
ORD000391,CUST00391,2025-11-18,135.07
ORD000392,CUST00392,2025-10-15,68.97
ORD000393,CUST00393,2025-08-03,58.81
ORD000394,CUST00394,2025-12-08,74.88
ORD000395,CUST00395,2025-02-20,52.44
ORD000396,CUST00396,2025-06-02,212.05
ORD000397,CUST00397,2025-07-05,79.95
ORD000398,CUST00398,2025-03-04,114.78
ORD000399,CUST00399,2025-07-09,177.99
ORD000400,CUST00400,2025-05-05,50.32
ORD000401,CUST00401,2025-05-30,31.11
ORD000402,CUST00402,2025-11-10,52.59
ORD000403,CUST00403,2025-02-27,123.69
ORD000404,CUST00404,2025-12-08,117.91
ORD000405,CUST00405,2025-11-01,134.89
ORD000406,CUST00406,2025-06-29,95.1
ORD000407,CUST00407,2025-06-19,6.82
ORD000408,CUST00408,2025-11-22,92.9
ORD000409,CUST00409,2025-09-28,193.64
ORD000410,CUST00410,2025-02-23,226.38
ORD000411,CUST00411,2025-04-11,109.47
ORD000412,CUST00412,2025-09-21,118.22
ORD000413,CUST00413,2025-02-22,156.24
ORD000414,CUST00414,2025-03-01,222.3
ORD000415,CUST00415,2025-04-18,102.71
ORD000416,CUST00416,2025-01-05,154.79
ORD000417,CUST00417,2025-04-13,66.6
ORD000418,CUST00418,2025-07-15,35.54
ORD000419,CUST00419,2025-09-19,72.24
ORD000420,CUST00420,2025-12-31,255.06
ORD000421,CUST00421,2025-12-16,156.88
ORD000422,CUST00422,2025-02-16,38.66
ORD000423,CUST00423,2025-12-21,161.74
ORD000424,CUST00424,2025-11-07,41.35
ORD000425,CUST00425,2025-11-04,133.63
ORD000426,CUST00426,2025-05-24,48.71
ORD000427,CUST00427,2025-09-26,36.72
ORD000428,CUST00428,2025-05-04,282.18
ORD000429,CUST00429,2025-04-16,79.9
ORD000430,CUST00430,2025-06-07,154.99
ORD000431,CUST00431,2025-05-27,105.77
ORD000432,CUST00432,2025-05-25,44.27
ORD000433,CUST00433,2025-04-30,86.43
ORD000434,CUST00434,2025-11-15,44.61
ORD000435,CUST00435,2025-10-02,411.61
ORD000436,CUST00436,2025-04-02,173.63
ORD000437,CUST00437,2025-02-27,104.36
ORD000438,CUST00438,2025-12-12,149.51
ORD000439,CUST00439,2025-08-17,166.35
ORD000440,CUST00440,2025-04-27,166.64
ORD000441,CUST00441,2025-11-14,161.98
ORD000442,CUST00442,2025-10-06,153.87
ORD000443,CUST00443,2025-05-07,110.51
ORD000444,CUST00444,2025-05-09,268.6
ORD000445,CUST00445,2025-02-27,115.55
ORD000446,CUST00446,2025-05-02,106.54
ORD000447,CUST00447,2025-01-01,116.25
ORD000448,CUST00448,2025-08-27,122.11
ORD000449,CUST00449,2025-10-17,23.24
ORD000450,CUST00450,2025-04-06,52.15
ORD000451,CUST00451,2025-05-06,95.1
ORD000452,CUST00452,2025-04-28,22.08
ORD000453,CUST00453,2025-02-17,104.24
ORD000454,CUST00454,2025-03-30,121.0
ORD000455,CUST00455,2025-08-25,34.1
ORD000456,CUST00456,2025-09-29,62.97
ORD000457,CUST00457,2025-07-08,232.23
ORD000458,CUST00458,2025-07-11,150.53
ORD000459,CUST00459,2025-03-10,144.84
ORD000460,CUST00460,2025-10-05,214.38
ORD000461,CUST00461,2025-12-15,52.99
ORD000462,CUST00462,2025-09-04,34.2
ORD000463,CUST00463,2025-03-17,196.17
ORD000464,CUST00464,2025-06-03,97.06
ORD000465,CUST00465,2025-05-24,51.83
ORD000466,CUST00466,2025-03-27,23.05
ORD000467,CUST00467,2025-07-04,117.18
ORD000468,CUST00468,2025-10-12,89.04
ORD000469,CUST00469,2025-08-08,78.08
ORD000470,CUST00470,2025-03-10,10.02
ORD000471,CUST00471,2025-02-16,266.38
ORD000472,CUST00472,2025-04-04,28.53
ORD000473,CUST00473,2025-08-26,83.9
ORD000474,CUST00474,2025-07-23,73.67
ORD000475,CUST00475,2025-08-06,153.55
ORD000476,CUST00476,2025-12-07,23.31
ORD000477,CUST00477,2025-02-08,141.46
ORD000478,CUST00478,2025-04-10,117.59
ORD000479,CUST00479,2025-10-16,60.52
ORD000480,CUST00480,2025-09-11,138.11
ORD000481,CUST00481,2025-08-10,104.11
ORD000482,CUST00482,2025-12-23,306.7
ORD000483,CUST00483,2025-01-23,88.98
ORD000484,CUST00484,2025-09-07,46.26
ORD000485,CUST00485,2025-01-10,142.41
ORD000486,CUST00486,2025-09-03,80.89
ORD000487,CUST00487,2025-11-21,102.61
ORD000488,CUST00488,2025-04-10,34.46
ORD000489,CUST00489,2025-10-17,155.12
ORD000490,CUST00490,2025-06-29,71.24
ORD000491,CUST00491,2025-08-11,123.97
ORD000492,CUST00492,2025-09-07,355.08
ORD000493,CUST00493,2025-05-27,85.2
ORD000494,CUST00494,2025-04-06,169.36
ORD000495,CUST00495,2025-09-14,89.64
ORD000496,CUST00496,2025-11-21,61.19
ORD000497,CUST00497,2025-01-04,237.4
ORD000498,CUST00498,2025-01-16,16.58
ORD000499,CUST00499,2025-10-07,198.51
ORD000500,CUST00500,2025-12-02,14.38
ORD000501,CUST00501,2025-09-04,185.41
ORD000502,CUST00502,2025-09-15,103.74
ORD000503,CUST00503,2025-06-09,46.37
ORD000504,CUST00504,2025-12-06,75.02
ORD000505,CUST00505,2025-06-01,163.36
ORD000506,CUST00506,2025-06-27,334.31
ORD000507,CUST00507,2025-06-12,24.28
ORD000508,CUST00508,2025-02-02,48.86
ORD000509,CUST00509,2025-06-28,31.64
ORD000510,CUST00510,2025-04-11,89.1
ORD000511,CUST00511,2025-09-25,188.66
ORD000512,CUST00512,2025-11-19,27.67
ORD000513,CUST00513,2025-03-06,101.76
ORD000514,CUST00514,2025-06-17,184.77
ORD000515,CUST00515,2025-11-26,74.18
ORD000516,CUST00516,2025-02-12,118.35
ORD000517,CUST00517,2025-02-13,226.34
ORD000518,CUST00518,2025-10-12,41.38
ORD000519,CUST00519,2025-01-12,18.62
ORD000520,CUST00520,2025-04-05,128.61
ORD000521,CUST00521,2025-10-29,131.07
ORD000522,CUST00522,2025-09-10,70.23
ORD000523,CUST00523,2025-08-30,59.8
ORD000524,CUST00524,2025-02-04,105.25
ORD000525,CUST00525,2025-08-03,40.72
ORD000526,CUST00526,2025-12-03,40.78
ORD000527,CUST00527,2025-03-31,162.65
ORD000528,CUST00528,2025-09-21,38.28
ORD000529,CUST00529,2025-04-03,19.92
ORD000530,CUST00530,2025-03-31,59.7
ORD000531,CUST00531,2025-04-25,71.57
ORD000532,CUST00532,2025-04-15,141.45
ORD000533,CUST00533,2025-07-15,63.99
ORD000534,CUST00534,2025-11-10,250.93
ORD000535,CUST00535,2025-04-24,109.21
ORD000536,CUST00536,2025-03-16,53.12
ORD000537,CUST00537,2025-08-05,137.43
ORD000538,CUST00538,2025-10-04,248.11
ORD000539,CUST00539,2025-09-06,159.71
ORD000540,CUST00540,2025-06-13,26.08
ORD000541,CUST00541,2025-12-23,76.43
ORD000542,CUST00542,2025-07-11,122.64
ORD000543,CUST00543,2025-08-15,155.34
ORD000544,CUST00544,2025-06-26,89.51
ORD000545,CUST00545,2025-04-09,80.41
ORD000546,CUST00546,2025-02-05,305.28
ORD000547,CUST00547,2025-04-06,161.28
ORD000548,CUST00548,2025-06-01,137.72
ORD000549,CUST00549,2025-05-31,66.17
ORD000550,CUST00550,2025-07-09,40.2
ORD000551,CUST00551,2025-08-12,139.36
ORD000552,CUST00552,2025-02-06,173.03
ORD000553,CUST00553,2025-09-25,102.25
ORD000554,CUST00554,2025-07-02,161.56
ORD000555,CUST00555,2025-01-13,164.3
ORD000556,CUST00556,2025-10-06,180.6
ORD000557,CUST00557,2025-08-05,25.63
ORD000558,CUST00558,2025-12-21,78.11
ORD000559,CUST00559,2025-12-27,145.07
ORD000560,CUST00560,2025-10-13,106.45
ORD000561,CUST00561,2025-09-30,164.64
ORD000562,CUST00562,2025-03-03,137.66
ORD000563,CUST00563,2025-03-25,10.98
ORD000564,CUST00564,2025-08-05,209.15
ORD000565,CUST00565,2025-12-08,70.72
ORD000566,CUST00566,2025-07-06,50.52
ORD000567,CUST00567,2025-01-19,204.69
ORD000568,CUST00568,2025-06-26,156.36
ORD000569,CUST00569,2025-04-10,223.32
ORD000570,CUST00570,2025-08-21,123.58
ORD000571,CUST00571,2025-03-17,77.34
ORD000572,CUST00572,2025-09-22,113.82
ORD000573,CUST00573,2025-10-11,43.12
ORD000574,CUST00574,2025-07-25,30.88
ORD000575,CUST00575,2025-08-11,62.27
ORD000576,CUST00576,2025-02-21,266.42
ORD000577,CUST00577,2025-12-05,67.44
ORD000578,CUST00578,2025-05-24,20.39
ORD000579,CUST00579,2025-03-10,91.39
ORD000580,CUST00580,2025-04-09,66.73
ORD000581,CUST00581,2025-01-25,211.6
ORD000582,CUST00582,2025-02-22,254.51
ORD000583,CUST00583,2025-05-31,74.63
ORD000584,CUST00584,2025-05-24,123.49
ORD000585,CUST00585,2025-02-26,130.73
ORD000586,CUST00586,2025-02-08,99.05
ORD000587,CUST00587,2025-04-19,86.31
ORD000588,CUST00588,2025-06-30,47.7
ORD000589,CUST00589,2025-02-11,17.04
ORD000590,CUST00590,2025-07-05,47.46
ORD000591,CUST00591,2025-08-11,96.52
ORD000592,CUST00592,2025-05-02,27.72
ORD000593,CUST00593,2025-05-13,119.04
ORD000594,CUST00594,2025-06-12,107.97
ORD000595,CUST00595,2025-08-03,66.82
ORD000596,CUST00596,2025-08-09,83.58
ORD000597,CUST00597,2025-08-23,32.7
ORD000598,CUST00598,2025-11-27,178.49
ORD000599,CUST00599,2025-05-26,176.5
ORD000600,CUST00600,2025-08-27,38.3
ORD000601,CUST00601,2025-03-17,39.31
ORD000602,CUST00602,2025-01-09,48.0
ORD000603,CUST00603,2025-03-15,149.93
ORD000604,CUST00604,2025-09-10,130.45
ORD000605,CUST00605,2025-08-18,203.19
ORD000606,CUST00606,2025-01-07,218.02
ORD000607,CUST00607,2025-06-23,25.24
ORD000608,CUST00608,2025-05-21,146.36
ORD000609,CUST00609,2025-06-17,212.45
ORD000610,CUST00610,2025-06-19,79.55
ORD000611,CUST00611,2025-10-10,100.91
ORD000612,CUST00612,2025-05-02,90.11
ORD000613,CUST00613,2025-07-13,93.1
ORD000614,CUST00614,2025-01-05,178.09
ORD000615,CUST00615,2025-01-29,298.24
ORD000616,CUST00616,2025-06-14,245.39
ORD000617,CUST00617,2025-12-05,69.32
ORD000618,CUST00618,2025-05-16,123.77
ORD000619,CUST00619,2025-12-31,54.32
ORD000620,CUST00620,2025-11-17,59.03
ORD000621,CUST00621,2025-12-08,97.7
ORD000622,CUST00622,2025-05-25,57.73
ORD000623,CUST00623,2025-11-23,64.96
ORD000624,CUST00624,2025-08-05,121.73
ORD000625,CUST00625,2025-10-28,144.98
ORD000626,CUST00626,2025-05-12,142.38
ORD000627,CUST00627,2025-10-19,143.34
ORD000628,CUST00628,2025-03-11,34.92
ORD000629,CUST00629,2025-09-09,55.33
ORD000630,CUST00630,2025-10-02,105.54
ORD000631,CUST00631,2025-12-30,206.24
ORD000632,CUST00632,2025-07-01,402.44
ORD000633,CUST00633,2025-06-16,127.23
ORD000634,CUST00634,2025-04-01,166.99
ORD000635,CUST00635,2025-07-21,31.35
ORD000636,CUST00636,2025-12-12,164.03
ORD000637,CUST00637,2025-01-19,336.97
ORD000638,CUST00638,2025-02-08,55.16
ORD000639,CUST00639,2025-05-06,66.66
ORD000640,CUST00640,2025-06-22,181.75
ORD000641,CUST00641,2025-05-21,104.59
ORD000642,CUST00642,2025-08-30,15.43
ORD000643,CUST00643,2025-08-08,69.89
ORD000644,CUST00644,2025-05-06,253.84
ORD000645,CUST00645,2025-02-27,83.1
ORD000646,CUST00646,2025-05-28,83.05
ORD000647,CUST00647,2025-11-13,174.25
ORD000648,CUST00648,2025-12-27,130.4
ORD000649,CUST00649,2025-01-01,79.73
ORD000650,CUST00650,2025-12-14,63.19
ORD000651,CUST00651,2025-07-09,521.96
ORD000652,CUST00652,2025-07-10,227.47
ORD000653,CUST00653,2025-11-08,143.3
ORD000654,CUST00654,2025-04-27,149.53
ORD000655,CUST00655,2025-05-14,93.53
ORD000656,CUST00656,2025-02-27,129.33
ORD000657,CUST00657,2025-02-13,86.35
ORD000658,CUST00658,2025-06-22,51.06
ORD000659,CUST00659,2025-06-09,132.83
ORD000660,CUST00660,2025-06-22,80.86
ORD000661,CUST00661,2025-11-13,137.58
ORD000662,CUST00662,2025-10-30,155.35
ORD000663,CUST00663,2025-05-29,142.53
ORD000664,CUST00664,2025-03-21,47.6
ORD000665,CUST00665,2025-08-01,74.39
ORD000666,CUST00666,2025-07-22,82.05
ORD000667,CUST00667,2025-09-09,194.84
ORD000668,CUST00668,2025-08-17,188.3
ORD000669,CUST00669,2025-06-13,58.04
ORD000670,CUST00670,2025-08-15,34.16
ORD000671,CUST00671,2025-05-27,414.29
ORD000672,CUST00672,2025-01-20,138.76
ORD000673,CUST00673,2025-02-16,30.04
ORD000674,CUST00674,2025-08-21,65.81
ORD000675,CUST00675,2025-11-01,200.13
ORD000676,CUST00676,2025-01-14,353.14
ORD000677,CUST00677,2025-05-23,317.2
ORD000678,CUST00678,2025-01-01,134.82
ORD000679,CUST00679,2025-02-23,102.92
ORD000680,CUST00680,2025-09-16,43.77
ORD000681,CUST00681,2025-05-24,109.24
ORD000682,CUST00682,2025-01-12,49.01
ORD000683,CUST00683,2025-11-26,74.95
ORD000684,CUST00684,2025-08-12,181.63
ORD000685,CUST00685,2025-09-29,86.03
ORD000686,CUST00686,2025-12-24,81.75
ORD000687,CUST00687,2025-06-05,98.94
ORD000688,CUST00688,2025-01-08,452.37
ORD000689,CUST00689,2025-05-02,39.73
ORD000690,CUST00690,2025-12-14,125.23
ORD000691,CUST00691,2025-06-13,299.63
ORD000692,CUST00692,2025-03-31,98.73
ORD000693,CUST00693,2025-05-16,224.79
ORD000694,CUST00694,2025-07-05,32.02
ORD000695,CUST00695,2025-11-12,88.16
ORD000696,CUST00696,2025-06-27,53.52
ORD000697,CUST00697,2025-01-28,97.97
ORD000698,CUST00698,2025-08-08,99.48
ORD000699,CUST00699,2025-12-23,107.09
ORD000700,CUST00700,2025-02-10,180.53
ORD000701,CUST00701,2025-08-16,9.47
ORD000702,CUST00702,2025-07-11,63.49
ORD000703,CUST00703,2025-05-25,119.38
ORD000704,CUST00704,2025-07-20,16.36
ORD000705,CUST00705,2025-07-31,156.63
ORD000706,CUST00706,2025-08-08,62.53
ORD000707,CUST00707,2025-08-28,89.42
ORD000708,CUST00708,2025-02-15,185.91
ORD000709,CUST00709,2025-02-04,231.35
ORD000710,CUST00710,2025-09-10,159.82
ORD000711,CUST00711,2025-03-23,38.71
ORD000712,CUST00712,2025-09-13,154.56
ORD000713,CUST00713,2025-07-16,161.52
ORD000714,CUST00714,2025-10-30,141.0
ORD000715,CUST00715,2025-01-10,255.52
ORD000716,CUST00716,2025-11-08,109.1
ORD000717,CUST00717,2025-10-13,249.31
ORD000718,CUST00718,2025-08-30,248.35
ORD000719,CUST00719,2025-09-08,164.55
ORD000720,CUST00720,2025-12-31,126.6
ORD000721,CUST00721,2025-01-05,141.55
ORD000722,CUST00722,2025-04-29,290.71
ORD000723,CUST00723,2025-10-16,206.07
ORD000724,CUST00724,2025-03-06,42.98
ORD000725,CUST00725,2025-05-26,135.57
ORD000726,CUST00726,2025-08-12,51.24
ORD000727,CUST00727,2025-08-27,61.05
ORD000728,CUST00728,2025-06-26,77.27
ORD000729,CUST00729,2025-09-24,29.13
ORD000730,CUST00730,2025-12-07,48.45
ORD000731,CUST00731,2025-10-09,264.38
ORD000732,CUST00732,2025-03-04,60.74
ORD000733,CUST00733,2025-08-05,181.2
ORD000734,CUST00734,2025-12-08,116.13
ORD000735,CUST00735,2025-11-11,150.1
ORD000736,CUST00736,2025-10-10,154.4
ORD000737,CUST00737,2025-06-26,46.62
ORD000738,CUST00738,2025-04-08,180.5
ORD000739,CUST00739,2025-04-15,35.11
ORD000740,CUST00740,2025-04-09,58.7
ORD000741,CUST00741,2025-11-07,152.91
ORD000742,CUST00742,2025-01-06,44.0
ORD000743,CUST00743,2025-07-16,14.53
ORD000744,CUST00744,2025-12-17,131.25
ORD000745,CUST00745,2025-05-13,24.26
ORD000746,CUST00746,2025-12-24,162.62
ORD000747,CUST00747,2025-09-16,81.6
ORD000748,CUST00748,2025-01-23,129.96
ORD000749,CUST00749,2025-02-22,128.3
ORD000750,CUST00750,2025-06-14,170.68
ORD000751,CUST00751,2025-07-21,155.91
ORD000752,CUST00752,2025-03-24,43.65
ORD000753,CUST00753,2025-05-25,85.4
ORD000754,CUST00754,2025-03-26,129.85
ORD000755,CUST00755,2025-03-19,252.16
ORD000756,CUST00756,2025-01-01,156.87
ORD000757,CUST00757,2025-02-20,238.41
ORD000758,CUST00758,2025-06-22,134.56
ORD000759,CUST00759,2025-07-24,208.4
ORD000760,CUST00760,2025-09-17,122.56
ORD000761,CUST00761,2025-10-15,202.92
ORD000762,CUST00762,2025-02-03,78.46
ORD000763,CUST00763,2025-12-14,270.66
ORD000764,CUST00764,2025-04-05,145.0
ORD000765,CUST00765,2025-03-13,29.33
ORD000766,CUST00766,2025-02-08,132.85
ORD000767,CUST00767,2025-06-03,157.21
ORD000768,CUST00768,2025-09-07,184.59
ORD000769,CUST00769,2025-06-11,330.65
ORD000770,CUST00770,2025-04-28,69.16
ORD000771,CUST00771,2025-09-16,332.03
ORD000772,CUST00772,2025-11-02,102.94
ORD000773,CUST00773,2025-09-25,56.37
ORD000774,CUST00774,2025-02-23,70.35
ORD000775,CUST00775,2025-08-24,151.04
ORD000776,CUST00776,2025-08-10,49.73
ORD000777,CUST00777,2025-09-08,79.49
ORD000778,CUST00778,2025-11-09,130.6
ORD000779,CUST00779,2025-04-22,269.33
ORD000780,CUST00780,2025-09-12,181.14
ORD000781,CUST00781,2025-10-30,105.97
ORD000782,CUST00782,2025-07-26,150.58
ORD000783,CUST00783,2025-08-17,121.89
ORD000784,CUST00784,2025-12-07,38.19
ORD000785,CUST00785,2025-03-07,299.14
ORD000786,CUST00786,2025-03-16,272.04
ORD000787,CUST00787,2025-04-13,97.21
ORD000788,CUST00788,2025-07-11,72.33
ORD000789,CUST00789,2025-09-09,38.99
ORD000790,CUST00790,2025-08-14,156.93
ORD000791,CUST00791,2025-10-21,157.61
ORD000792,CUST00792,2025-11-02,53.31
ORD000793,CUST00793,2025-04-08,122.89
ORD000794,CUST00794,2025-12-04,177.47
ORD000795,CUST00795,2025-10-13,68.54
ORD000796,CUST00796,2025-12-01,88.6
ORD000797,CUST00797,2025-12-13,87.96
ORD000798,CUST00798,2025-11-04,56.16
ORD000799,CUST00799,2025-09-06,89.95
ORD000800,CUST00800,2025-06-15,24.73
ORD000801,CUST00801,2025-12-01,84.59
ORD000802,CUST00802,2025-01-30,85.57
ORD000803,CUST00803,2025-09-04,98.1
ORD000804,CUST00804,2025-04-16,143.07
ORD000805,CUST00805,2025-02-20,36.2
ORD000806,CUST00806,2025-03-22,42.58
ORD000807,CUST00807,2025-05-13,54.99
ORD000808,CUST00808,2025-10-12,32.82
ORD000809,CUST00809,2025-05-18,154.18
ORD000810,CUST00810,2025-07-03,66.22
ORD000811,CUST00811,2025-11-26,100.32
ORD000812,CUST00812,2025-09-30,51.2
ORD000813,CUST00813,2025-12-06,77.94
ORD000814,CUST00814,2025-03-10,127.0
ORD000815,CUST00815,2025-02-03,131.26
ORD000816,CUST00816,2025-09-19,44.19
ORD000817,CUST00817,2025-02-22,96.73
ORD000818,CUST00818,2025-07-24,51.93
ORD000819,CUST00819,2025-05-06,94.14
ORD000820,CUST00820,2025-08-23,61.93
ORD000821,CUST00821,2025-02-12,311.12
ORD000822,CUST00822,2025-08-28,176.8
ORD000823,CUST00823,2025-04-21,135.19
ORD000824,CUST00824,2025-09-06,83.1
ORD000825,CUST00825,2025-05-31,180.17
ORD000826,CUST00826,2025-07-02,98.78
ORD000827,CUST00827,2025-12-02,291.34
ORD000828,CUST00828,2025-04-05,192.04
ORD000829,CUST00829,2025-01-08,77.52
ORD000830,CUST00830,2025-12-26,270.58
ORD000831,CUST00831,2025-07-03,83.42
ORD000832,CUST00832,2025-10-08,322.52
ORD000833,CUST00833,2025-07-14,279.73
ORD000834,CUST00834,2025-12-18,126.52
ORD000835,CUST00835,2025-07-14,25.67
ORD000836,CUST00836,2025-06-04,119.83
ORD000837,CUST00837,2025-04-03,40.32
ORD000838,CUST00838,2025-06-09,63.43
ORD000839,CUST00839,2025-03-02,67.25
ORD000840,CUST00840,2025-05-02,40.01
ORD000841,CUST00841,2025-02-20,120.15
ORD000842,CUST00842,2025-10-04,57.62
ORD000843,CUST00843,2025-01-05,86.3
ORD000844,CUST00844,2025-04-02,67.7
ORD000845,CUST00845,2025-06-19,143.49
ORD000846,CUST00846,2025-11-13,136.53
ORD000847,CUST00847,2025-01-22,81.23
ORD000848,CUST00848,2025-11-22,148.33
ORD000849,CUST00849,2025-01-01,225.48
ORD000850,CUST00850,2025-05-13,12.14
ORD000851,CUST00851,2025-08-21,64.7
ORD000852,CUST00852,2025-01-12,47.15
ORD000853,CUST00853,2025-12-12,60.22
ORD000854,CUST00854,2025-02-15,9.6
ORD000855,CUST00855,2025-02-03,11.54
ORD000856,CUST00856,2025-03-19,69.51
ORD000857,CUST00857,2025-08-06,67.98
ORD000858,CUST00858,2025-10-28,246.32
ORD000859,CUST00859,2025-03-14,113.65
ORD000860,CUST00860,2025-10-09,145.79
ORD000861,CUST00861,2025-09-06,770.55
ORD000862,CUST00862,2025-02-16,12.19
ORD000863,CUST00863,2025-05-01,294.45
ORD000864,CUST00864,2025-08-02,99.28
ORD000865,CUST00865,2025-08-27,73.97
ORD000866,CUST00866,2025-02-25,65.52
ORD000867,CUST00867,2025-12-16,129.47
ORD000868,CUST00868,2025-04-17,74.46
ORD000869,CUST00869,2025-11-15,39.01
ORD000870,CUST00870,2025-02-17,67.46
ORD000871,CUST00871,2025-03-02,132.03
ORD000872,CUST00872,2025-12-03,163.27
ORD000873,CUST00873,2025-01-26,313.65
ORD000874,CUST00874,2025-10-19,110.21
ORD000875,CUST00875,2025-09-14,234.08
ORD000876,CUST00876,2025-01-08,88.72
ORD000877,CUST00877,2025-04-23,97.92
ORD000878,CUST00878,2025-12-21,94.18
ORD000879,CUST00879,2025-09-10,119.66
ORD000880,CUST00880,2025-06-29,182.81
ORD000881,CUST00881,2025-07-26,72.1
ORD000882,CUST00882,2025-10-30,49.29
ORD000883,CUST00883,2025-05-07,192.48
ORD000884,CUST00884,2025-02-25,183.57
ORD000885,CUST00885,2025-08-02,257.85
ORD000886,CUST00886,2025-01-14,63.64
ORD000887,CUST00887,2025-01-28,86.37
ORD000888,CUST00888,2025-03-19,197.24
ORD000889,CUST00889,2025-08-04,71.45
ORD000890,CUST00890,2025-12-31,158.71
ORD000891,CUST00891,2025-06-03,89.01
ORD000892,CUST00892,2025-01-14,128.99
ORD000893,CUST00893,2025-07-06,38.32
ORD000894,CUST00894,2025-11-08,109.2
ORD000895,CUST00895,2025-01-07,222.57
ORD000896,CUST00896,2025-01-03,172.86
ORD000897,CUST00897,2025-04-21,46.6
ORD000898,CUST00898,2025-08-26,297.9
ORD000899,CUST00899,2025-12-29,213.83
ORD000900,CUST00900,2025-08-27,39.95
ORD000901,CUST00901,2025-10-01,67.83
ORD000902,CUST00902,2025-10-21,41.98
ORD000903,CUST00903,2025-08-15,131.5
ORD000904,CUST00904,2025-01-15,65.5
ORD000905,CUST00905,2025-07-11,15.59
ORD000906,CUST00906,2025-04-29,97.6
ORD000907,CUST00907,2025-01-28,187.51
ORD000908,CUST00908,2025-07-21,110.82
ORD000909,CUST00909,2025-02-08,149.16
ORD000910,CUST00910,2025-09-30,118.43
ORD000911,CUST00911,2025-08-19,168.13
ORD000912,CUST00912,2025-03-27,125.93
ORD000913,CUST00913,2025-05-06,93.72
ORD000914,CUST00914,2025-10-27,109.84
ORD000915,CUST00915,2025-01-25,263.97
ORD000916,CUST00916,2025-05-25,154.88
ORD000917,CUST00917,2025-01-13,46.46
ORD000918,CUST00918,2025-07-31,108.6
ORD000919,CUST00919,2025-01-25,129.88
ORD000920,CUST00920,2025-03-09,91.44
ORD000921,CUST00921,2025-03-08,15.68
ORD000922,CUST00922,2025-08-21,50.64
ORD000923,CUST00923,2025-04-19,74.62
ORD000924,CUST00924,2025-05-26,319.87
ORD000925,CUST00925,2025-04-21,143.69
ORD000926,CUST00926,2025-08-16,24.77
ORD000927,CUST00927,2025-04-21,95.79
ORD000928,CUST00928,2025-02-03,237.99
ORD000929,CUST00929,2025-04-21,64.76
ORD000930,CUST00930,2025-09-21,202.13
ORD000931,CUST00931,2025-08-24,25.59
ORD000932,CUST00932,2025-03-24,3.03
ORD000933,CUST00933,2025-02-11,221.85
ORD000934,CUST00934,2025-04-11,71.65
ORD000935,CUST00935,2025-01-06,76.15
ORD000936,CUST00936,2025-06-29,117.65
ORD000937,CUST00937,2025-10-09,140.26
ORD000938,CUST00938,2025-11-16,6.23
ORD000939,CUST00939,2025-08-14,60.72
ORD000940,CUST00940,2025-11-11,107.16
ORD000941,CUST00941,2025-12-31,140.04
ORD000942,CUST00942,2025-08-17,45.98
ORD000943,CUST00943,2025-10-16,87.91
ORD000944,CUST00944,2025-05-30,64.6
ORD000945,CUST00945,2025-10-04,120.45
ORD000946,CUST00946,2025-07-17,216.72
ORD000947,CUST00947,2025-03-11,79.42
ORD000948,CUST00948,2025-04-22,30.24
ORD000949,CUST00949,2025-01-04,58.05
ORD000950,CUST00950,2025-12-16,296.01
ORD000951,CUST00951,2025-11-27,50.81
ORD000952,CUST00952,2025-11-14,36.24
ORD000953,CUST00953,2025-12-16,75.71
ORD000954,CUST00954,2025-04-05,95.81
ORD000955,CUST00955,2025-06-01,67.81
ORD000956,CUST00956,2025-11-07,25.73
ORD000957,CUST00957,2025-05-17,128.78
ORD000958,CUST00958,2025-09-04,120.54
ORD000959,CUST00959,2025-08-31,164.01
ORD000960,CUST00960,2025-01-31,118.63
ORD000961,CUST00961,2025-02-09,280.59
ORD000962,CUST00962,2025-08-17,172.63
ORD000963,CUST00963,2025-02-05,150.08
ORD000964,CUST00964,2025-08-11,221.88
ORD000965,CUST00965,2025-01-06,113.58
ORD000966,CUST00966,2025-11-18,89.33
ORD000967,CUST00967,2025-08-08,127.77
ORD000968,CUST00968,2025-03-16,14.77
ORD000969,CUST00969,2025-01-04,113.84
ORD000970,CUST00970,2025-12-01,95.73
ORD000971,CUST00971,2025-05-14,137.54
ORD000972,CUST00972,2025-04-28,202.53
ORD000973,CUST00973,2025-04-04,153.06
ORD000974,CUST00974,2025-03-03,58.18
ORD000975,CUST00975,2025-07-13,181.31
ORD000976,CUST00976,2025-12-01,283.19
ORD000977,CUST00977,2025-07-22,205.96
ORD000978,CUST00978,2025-01-26,32.93
ORD000979,CUST00979,2025-06-22,151.96
ORD000980,CUST00980,2025-10-27,37.77
ORD000981,CUST00981,2025-05-13,82.83
ORD000982,CUST00982,2025-11-22,134.76
ORD000983,CUST00983,2025-04-28,122.75
ORD000984,CUST00984,2025-11-20,203.35
ORD000985,CUST00985,2025-10-02,284.06
ORD000986,CUST00986,2025-07-31,144.18
ORD000987,CUST00987,2025-08-13,78.04
ORD000988,CUST00988,2025-01-20,15.65
ORD000989,CUST00989,2025-04-23,237.01
ORD000990,CUST00990,2025-05-20,96.11
ORD000991,CUST00991,2025-02-16,99.87
ORD000992,CUST00992,2025-01-01,105.8
ORD000993,CUST00993,2025-03-31,139.68
ORD000994,CUST00994,2025-05-22,142.51
ORD000995,CUST00995,2025-11-16,83.84
ORD000996,CUST00996,2025-02-07,95.4
ORD000997,CUST00997,2025-10-20,63.7
ORD000998,CUST00998,2025-05-19,58.14
ORD000999,CUST00999,2025-12-22,57.91
ORD001000,CUST01000,2025-11-29,94.57
ORD001001,CUST00835,2025-08-17,48.95
ORD001002,CUST00415,2025-07-15,116.58
ORD001003,CUST00526,2025-12-31,135.6
ORD001004,CUST00653,2025-12-31,119.73
ORD001005,CUST00965,2025-01-29,79.51
ORD001006,CUST00575,2025-10-11,18.26
ORD001007,CUST00451,2025-06-20,224.17
ORD001008,CUST00348,2025-10-28,112.11
ORD001009,CUST00524,2025-07-20,161.77
ORD001010,CUST00539,2025-12-31,127.38
ORD001011,CUST00894,2025-11-12,80.9
ORD001012,CUST00434,2025-12-31,54.56
ORD001013,CUST00141,2025-10-15,73.28
ORD001014,CUST00366,2025-06-15,100.22
ORD001015,CUST00044,2025-08-31,96.89
ORD001016,CUST00039,2025-05-21,68.6
ORD001017,CUST00032,2025-10-20,43.0
ORD001018,CUST00373,2025-07-25,165.31
ORD001019,CUST00101,2025-06-05,89.43
ORD001020,CUST00568,2025-09-14,136.85
ORD001021,CUST00880,2025-09-29,98.68
ORD001022,CUST00353,2025-04-06,58.14
ORD001023,CUST00587,2025-07-06,246.38
ORD001024,CUST00375,2025-12-31,78.2
ORD001025,CUST00163,2025-06-05,92.42
ORD001026,CUST00125,2025-11-03,52.42
ORD001027,CUST00242,2025-12-31,115.1
ORD001028,CUST00600,2025-09-08,34.81
ORD001029,CUST00646,2025-06-15,37.98
ORD001030,CUST00131,2025-10-04,78.64
ORD001031,CUST00003,2025-11-28,133.54
ORD001032,CUST00672,2025-03-29,72.16
ORD001033,CUST00229,2025-12-31,105.58
ORD001034,CUST00383,2025-12-12,154.8
ORD001035,CUST00096,2025-12-31,82.57
ORD001036,CUST00223,2025-08-09,58.69
ORD001037,CUST00973,2025-07-19,87.87
ORD001038,CUST00644,2025-10-26,163.27
ORD001039,CUST00549,2025-08-03,41.02
ORD001040,CUST00852,2025-06-05,162.73
ORD001041,CUST00685,2025-10-15,64.72
ORD001042,CUST00326,2025-02-12,106.22
ORD001043,CUST00293,2025-07-22,304.53
ORD001044,CUST00036,2025-08-19,128.01
ORD001045,CUST00303,2025-07-17,82.56
ORD001046,CUST00381,2025-12-31,89.07
ORD001047,CUST00683,2025-12-31,51.16
ORD001048,CUST00574,2025-10-02,95.93
ORD001049,CUST00947,2025-05-30,253.04
ORD001050,CUST00370,2025-12-14,104.89
ORD001051,CUST00128,2025-12-25,74.88
ORD001052,CUST00013,2025-08-22,87.53
ORD001053,CUST00686,2025-12-31,47.15
ORD001054,CUST00358,2025-12-31,180.19
ORD001055,CUST00738,2025-09-29,110.95
ORD001056,CUST00627,2025-12-16,160.39
ORD001057,CUST00402,2025-12-31,54.85
ORD001058,CUST00425,2025-12-27,246.32
ORD001059,CUST00338,2025-04-14,34.89
ORD001060,CUST00936,2025-12-01,94.35
ORD001061,CUST00371,2025-11-29,126.64
ORD001062,CUST00994,2025-10-04,115.89
ORD001063,CUST00022,2025-12-09,40.27
ORD001064,CUST00176,2025-11-03,104.2
ORD001065,CUST00191,2025-12-31,110.9
ORD001066,CUST00297,2025-12-03,150.4
ORD001067,CUST00063,2025-12-31,89.41
ORD001068,CUST00313,2025-12-31,205.56
ORD001069,CUST00584,2025-09-11,57.08
ORD001070,CUST00715,2025-02-17,46.54
ORD001071,CUST00445,2025-03-26,24.11
ORD001072,CUST00348,2025-10-07,71.13
ORD001073,CUST00344,2025-08-02,128.9
ORD001074,CUST00873,2025-06-28,49.77
ORD001075,CUST00703,2025-07-02,135.34
ORD001076,CUST00450,2025-06-02,143.29
ORD001077,CUST00606,2025-04-18,133.49
ORD001078,CUST00073,2025-12-29,185.77
ORD001079,CUST00335,2025-03-18,103.94
ORD001080,CUST00279,2025-06-10,48.64
ORD001081,CUST00429,2025-07-18,45.28
ORD001082,CUST00282,2025-04-08,99.16
ORD001083,CUST00810,2025-11-30,140.94
ORD001084,CUST00062,2025-05-12,135.93
ORD001085,CUST00488,2025-05-11,73.92
ORD001086,CUST00846,2025-12-31,40.4
ORD001087,CUST00254,2025-10-22,98.59
ORD001088,CUST00683,2025-12-31,80.55
ORD001089,CUST00896,2025-05-09,137.12
ORD001090,CUST00323,2025-12-31,109.76
ORD001091,CUST00900,2025-12-08,124.37
ORD001092,CUST00299,2025-08-10,48.23
ORD001093,CUST00208,2025-06-10,172.41
ORD001094,CUST00772,2025-12-31,243.28
ORD001095,CUST00201,2025-07-10,54.84
ORD001096,CUST00479,2025-12-31,72.98
ORD001097,CUST00799,2025-12-31,77.44
ORD001098,CUST00994,2025-08-19,195.87
ORD001099,CUST00142,2025-11-22,39.5
ORD001100,CUST00369,2025-09-02,59.07
ORD001101,CUST00876,2025-01-22,311.39
ORD001102,CUST00944,2025-06-30,91.97
ORD001103,CUST00250,2025-04-25,73.33
ORD001104,CUST00662,2025-11-20,79.06
ORD001105,CUST00228,2025-12-25,373.81
ORD001106,CUST00034,2025-12-31,73.44
ORD001107,CUST00819,2025-09-09,108.74
ORD001108,CUST00257,2025-04-10,76.61
ORD001109,CUST00407,2025-10-31,140.56
ORD001110,CUST00143,2025-06-07,261.47
ORD001111,CUST00613,2025-10-20,132.05
ORD001112,CUST00201,2025-10-07,227.52
ORD001113,CUST00849,2025-05-18,54.83
ORD001114,CUST00194,2025-12-31,150.9
ORD001115,CUST00419,2025-12-31,80.65
ORD001116,CUST00268,2025-07-09,293.25
ORD001117,CUST00018,2025-12-31,121.84
ORD001118,CUST00011,2025-12-24,192.62
ORD001119,CUST00268,2025-03-23,152.14
ORD001120,CUST00045,2025-06-02,123.07
ORD001121,CUST00442,2025-12-31,203.57
ORD001122,CUST00684,2025-09-24,125.86
ORD001123,CUST00163,2025-10-13,207.76
ORD001124,CUST00858,2025-12-31,200.89
ORD001125,CUST00098,2025-05-15,29.44
ORD001126,CUST00137,2025-06-18,170.99
ORD001127,CUST00282,2025-05-13,70.17
ORD001128,CUST00137,2025-08-08,115.31
ORD001129,CUST00463,2025-06-18,201.56
ORD001130,CUST00998,2025-09-12,127.34
ORD001131,CUST00562,2025-04-08,67.54
ORD001132,CUST00024,2025-09-05,72.44
ORD001133,CUST00722,2025-09-21,117.31
ORD001134,CUST00444,2025-10-26,100.06
ORD001135,CUST00164,2025-11-06,51.59
ORD001136,CUST00402,2025-12-31,15.1
ORD001137,CUST00116,2025-07-29,70.29
ORD001138,CUST00752,2025-08-09,36.49
ORD001139,CUST00829,2025-05-30,90.56
ORD001140,CUST00796,2025-12-31,59.49
ORD001141,CUST00138,2025-12-15,68.32
ORD001142,CUST00180,2025-12-31,65.75
ORD001143,CUST00785,2025-08-15,137.66
ORD001144,CUST00036,2025-08-18,36.36
ORD001145,CUST00934,2025-06-29,52.59
ORD001146,CUST00631,2025-12-31,109.78
ORD001147,CUST00912,2025-04-11,220.11
ORD001148,CUST00874,2025-12-31,50.75
ORD001149,CUST00844,2025-04-09,72.97
ORD001150,CUST00843,2025-05-11,30.14
ORD001151,CUST00788,2025-11-01,134.84
ORD001152,CUST00749,2025-07-01,18.89
ORD001153,CUST00676,2025-06-09,184.88
ORD001154,CUST00882,2025-12-31,76.97
ORD001155,CUST00363,2025-12-31,8.01
ORD001156,CUST00916,2025-10-18,139.13
ORD001157,CUST00729,2025-12-31,153.25
ORD001158,CUST00377,2025-12-31,254.19
ORD001159,CUST00015,2025-11-21,110.97
ORD001160,CUST00083,2025-11-11,473.0
ORD001161,CUST00006,2025-09-08,35.68
ORD001162,CUST00517,2025-02-23,90.09
ORD001163,CUST00025,2025-12-31,127.12
ORD001164,CUST00514,2025-11-04,126.4
ORD001165,CUST00798,2025-12-23,72.11
ORD001166,CUST00145,2025-12-24,218.76
ORD001167,CUST00208,2025-06-01,95.23
ORD001168,CUST00912,2025-07-21,241.79
ORD001169,CUST00827,2025-12-31,33.36
ORD001170,CUST00351,2025-12-31,104.25
ORD001171,CUST00031,2025-07-15,75.37
ORD001172,CUST00299,2025-03-27,333.55
ORD001173,CUST00004,2025-05-26,100.61
ORD001174,CUST00874,2025-12-31,129.94
ORD001175,CUST00351,2025-12-31,43.09
ORD001176,CUST00323,2025-12-31,62.17
ORD001177,CUST00526,2025-12-31,98.63
ORD001178,CUST00884,2025-04-29,275.55
ORD001179,CUST00357,2025-07-20,107.66
ORD001180,CUST00653,2025-12-31,18.78
ORD001181,CUST00811,2025-12-31,84.05
ORD001182,CUST00683,2025-12-29,202.98
ORD001183,CUST00023,2025-10-20,63.69
ORD001184,CUST00500,2025-12-31,168.7
ORD001185,CUST00083,2025-12-31,47.81
ORD001186,CUST00537,2025-09-10,331.26
ORD001187,CUST00566,2025-11-03,160.6
ORD001188,CUST00291,2025-12-31,111.47
ORD001189,CUST00343,2025-06-11,212.98
ORD001190,CUST00260,2025-05-29,168.38
ORD001191,CUST00043,2025-12-31,47.83
ORD001192,CUST00205,2025-11-18,103.07
ORD001193,CUST00771,2025-12-31,161.37
ORD001194,CUST00734,2025-12-31,49.74
ORD001195,CUST00661,2025-11-29,164.7
ORD001196,CUST00596,2025-08-14,54.59
ORD001197,CUST00391,2025-12-31,29.79
ORD001198,CUST00952,2025-12-31,61.39
ORD001199,CUST00263,2025-03-17,16.86
ORD001200,CUST00168,2025-12-31,98.16
ORD001201,CUST00974,2025-04-03,168.04
ORD001202,CUST00729,2025-12-31,106.63
ORD001203,CUST00386,2025-12-17,65.84
ORD001204,CUST00274,2025-12-31,150.64
ORD001205,CUST00141,2025-11-09,200.35
ORD001206,CUST00910,2025-12-03,204.23
ORD001207,CUST00872,2025-12-31,77.95
ORD001208,CUST00946,2025-10-28,59.34
ORD001209,CUST00685,2025-12-31,65.07
ORD001210,CUST00377,2025-12-31,60.37
ORD001211,CUST00466,2025-06-27,180.32
ORD001212,CUST00199,2025-12-31,125.69
ORD001213,CUST00037,2025-03-06,82.6
ORD001214,CUST00479,2025-12-05,61.89
ORD001215,CUST00981,2025-05-24,98.9
ORD001216,CUST00765,2025-05-15,154.46
ORD001217,CUST00661,2025-12-31,108.46
ORD001218,CUST00952,2025-12-18,63.99
ORD001219,CUST00472,2025-04-18,26.31
ORD001220,CUST00328,2025-12-31,97.91
ORD001221,CUST00538,2025-12-31,200.12
ORD001222,CUST00712,2025-12-31,48.48
ORD001223,CUST00232,2025-10-10,92.11
ORD001224,CUST00986,2025-12-31,115.29
ORD001225,CUST00029,2025-12-31,75.93
ORD001226,CUST00200,2025-12-31,56.7
ORD001227,CUST00365,2025-09-26,114.91
ORD001228,CUST00725,2025-07-16,181.81
ORD001229,CUST00910,2025-12-28,113.59
ORD001230,CUST00544,2025-10-18,320.67
ORD001231,CUST00077,2025-11-20,120.05
ORD001232,CUST00779,2025-07-04,107.98
ORD001233,CUST00867,2025-12-31,159.38
ORD001234,CUST00512,2025-12-31,138.95
ORD001235,CUST00310,2025-08-06,142.9
ORD001236,CUST00436,2025-04-07,128.95
ORD001237,CUST00596,2025-11-19,100.66
ORD001238,CUST00603,2025-03-22,58.51
ORD001239,CUST00997,2025-12-06,198.8
ORD001240,CUST00738,2025-05-17,81.29
ORD001241,CUST00004,2025-09-01,146.76
ORD001242,CUST00757,2025-08-02,70.83
ORD001243,CUST00791,2025-12-31,23.12
ORD001244,CUST00895,2025-06-22,152.73
ORD001245,CUST00296,2025-12-26,390.52
ORD001246,CUST00183,2025-09-01,142.37
ORD001247,CUST00310,2025-06-27,115.0
ORD001248,CUST00669,2025-08-16,282.92
ORD001249,CUST00058,2025-12-31,83.61
ORD001250,CUST00250,2025-03-10,99.2
ORD001251,CUST00619,2025-12-31,102.96
ORD001252,CUST00180,2025-12-31,200.45
ORD001253,CUST00332,2025-12-15,26.5
ORD001254,CUST00693,2025-07-17,95.4
ORD001255,CUST00626,2025-07-13,58.3
ORD001256,CUST00069,2025-07-16,14.3
ORD001257,CUST00490,2025-09-08,74.26
ORD001258,CUST00774,2025-07-10,97.49
ORD001259,CUST00481,2025-12-28,102.65
ORD001260,CUST00413,2025-05-17,71.68
ORD001261,CUST00371,2025-09-13,9.14
ORD001262,CUST00163,2025-06-17,315.29
ORD001263,CUST00201,2025-07-10,144.51
ORD001264,CUST00440,2025-06-06,178.12
ORD001265,CUST00765,2025-08-02,81.26
ORD001266,CUST00253,2025-08-26,243.68
ORD001267,CUST00619,2025-12-31,43.34
ORD001268,CUST00686,2025-12-31,82.67
ORD001269,CUST00336,2025-06-24,120.8
ORD001270,CUST00933,2025-05-04,267.02
ORD001271,CUST00054,2025-12-31,12.17
ORD001272,CUST00172,2025-12-31,145.53
ORD001273,CUST00814,2025-06-04,346.54
ORD001274,CUST00468,2025-12-31,132.17
ORD001275,CUST00587,2025-07-01,114.11
ORD001276,CUST00227,2025-12-31,39.4
ORD001277,CUST00853,2025-12-31,51.91
ORD001278,CUST00615,2025-07-12,164.14
ORD001279,CUST00573,2025-11-26,247.94
ORD001280,CUST00834,2025-12-31,91.41
ORD001281,CUST00217,2025-10-25,74.39
ORD001282,CUST00184,2025-12-31,108.07
ORD001283,CUST00055,2025-07-22,324.53
ORD001284,CUST00685,2025-12-31,58.65
ORD001285,CUST00515,2025-12-11,90.86
ORD001286,CUST00289,2025-07-09,147.72
ORD001287,CUST00451,2025-09-15,63.34
ORD001288,CUST00552,2025-04-09,172.82
ORD001289,CUST00920,2025-07-02,143.21
ORD001290,CUST00761,2025-10-23,135.36
ORD001291,CUST00061,2025-04-23,129.39
ORD001292,CUST00802,2025-06-02,56.64
ORD001293,CUST00733,2025-12-31,72.64
ORD001294,CUST00102,2025-05-23,53.62
ORD001295,CUST00779,2025-07-05,167.64
ORD001296,CUST00102,2025-03-09,135.71
ORD001297,CUST00225,2025-07-07,74.83
ORD001298,CUST00332,2025-12-31,68.4
ORD001299,CUST00009,2025-07-17,51.85
ORD001300,CUST00610,2025-09-25,113.37
ORD001301,CUST00415,2025-07-10,10.11
ORD001302,CUST00914,2025-12-31,16.69
ORD001303,CUST00896,2025-03-04,116.8
ORD001304,CUST00287,2025-11-19,49.22
ORD001305,CUST00924,2025-05-29,148.05
ORD001306,CUST00812,2025-11-23,22.17
ORD001307,CUST00068,2025-12-31,120.82
ORD001308,CUST00685,2025-12-31,199.98
ORD001309,CUST00523,2025-12-11,48.52
ORD001310,CUST00470,2025-07-16,70.08
ORD001311,CUST00217,2025-11-26,102.19
ORD001312,CUST00393,2025-09-23,216.48
ORD001313,CUST00434,2025-12-31,25.82
ORD001314,CUST00987,2025-12-13,396.65
ORD001315,CUST00847,2025-03-01,240.36
ORD001316,CUST00869,2025-12-31,101.46
ORD001317,CUST00874,2025-12-31,78.82
ORD001318,CUST00788,2025-12-23,83.98
ORD001319,CUST00281,2025-09-18,35.69
ORD001320,CUST00179,2025-09-20,146.16
ORD001321,CUST00908,2025-09-08,78.63
ORD001322,CUST00212,2025-09-16,51.46
ORD001323,CUST00108,2025-11-03,105.72
ORD001324,CUST00294,2025-12-31,124.26
ORD001325,CUST00857,2025-12-31,78.0
ORD001326,CUST00101,2025-08-08,14.59
ORD001327,CUST00514,2025-08-21,57.61
ORD001328,CUST00032,2025-10-24,78.97
ORD001329,CUST00529,2025-06-29,104.38
ORD001330,CUST00330,2025-03-29,83.79
ORD001331,CUST00089,2025-12-21,155.51
ORD001332,CUST00337,2025-12-01,153.85
ORD001333,CUST00220,2025-08-15,197.69
ORD001334,CUST00234,2025-05-10,59.21
ORD001335,CUST01000,2025-12-31,34.13
ORD001336,CUST00139,2025-06-05,188.43
ORD001337,CUST00944,2025-09-15,269.06
ORD001338,CUST00940,2025-11-30,87.87
ORD001339,CUST00201,2025-05-04,182.64
ORD001340,CUST00366,2025-10-03,32.9
ORD001341,CUST00969,2025-06-18,59.47
ORD001342,CUST00232,2025-12-31,44.64
ORD001343,CUST00068,2025-12-31,308.0
ORD001344,CUST00839,2025-05-05,61.77
ORD001345,CUST00592,2025-08-30,61.64
ORD001346,CUST00357,2025-04-12,96.28
ORD001347,CUST00741,2025-12-31,122.76
ORD001348,CUST00329,2025-02-20,276.64
ORD001349,CUST00266,2025-11-10,254.19
ORD001350,CUST00834,2025-12-24,324.27
ORD001351,CUST00841,2025-05-23,81.78
ORD001352,CUST00559,2025-12-31,58.26
ORD001353,CUST00958,2025-12-14,147.72
ORD001354,CUST00394,2025-12-31,245.63
ORD001355,CUST00212,2025-11-16,55.9
ORD001356,CUST00091,2025-07-14,97.53
ORD001357,CUST00899,2025-12-31,116.11
ORD001358,CUST00393,2025-10-17,111.48
ORD001359,CUST00748,2025-06-30,218.44
ORD001360,CUST00237,2025-10-16,326.86
ORD001361,CUST00481,2025-08-25,218.89
ORD001362,CUST00860,2025-12-31,64.59
ORD001363,CUST00348,2025-09-11,102.22
ORD001364,CUST00843,2025-03-17,141.44
ORD001365,CUST00312,2025-09-26,80.63
ORD001366,CUST00030,2025-04-25,71.06
ORD001367,CUST00251,2025-12-31,43.6
ORD001368,CUST00933,2025-05-01,58.69
ORD001369,CUST00234,2025-06-03,41.55
ORD001370,CUST00365,2025-11-05,154.21
ORD001371,CUST00033,2025-09-01,123.77
ORD001372,CUST00086,2025-04-23,151.32
ORD001373,CUST00605,2025-09-12,489.29
ORD001374,CUST00057,2025-04-05,174.46
ORD001375,CUST00024,2025-10-30,68.68
ORD001376,CUST00798,2025-12-31,81.04
ORD001377,CUST00812,2025-12-20,49.22
ORD001378,CUST00503,2025-06-15,152.16
ORD001379,CUST00473,2025-09-15,314.41
ORD001380,CUST00037,2025-05-30,96.0
ORD001381,CUST00282,2025-03-30,94.33
ORD001382,CUST00511,2025-12-31,135.23
ORD001383,CUST00959,2025-12-31,73.43
ORD001384,CUST00661,2025-11-18,133.57
ORD001385,CUST00542,2025-07-27,91.49
ORD001386,CUST00819,2025-07-15,63.21
ORD001387,CUST00614,2025-06-02,112.12
ORD001388,CUST00733,2025-12-31,134.02
ORD001389,CUST00904,2025-05-24,258.08
ORD001390,CUST00782,2025-09-01,192.88
ORD001391,CUST00558,2025-12-31,38.45
ORD001392,CUST00068,2025-12-31,118.92
ORD001393,CUST00383,2025-09-11,39.65
ORD001394,CUST00322,2025-12-31,97.49
ORD001395,CUST00035,2025-07-16,202.53
ORD001396,CUST00601,2025-09-10,242.6
ORD001397,CUST00631,2025-12-31,119.28
ORD001398,CUST00460,2025-12-31,41.87
ORD001399,CUST00229,2025-12-31,280.64
ORD001400,CUST00211,2025-12-31,179.92
ORD001401,CUST00445,2025-03-04,37.21
ORD001402,CUST00658,2025-07-26,108.09
ORD001403,CUST00102,2025-06-12,241.3
ORD001404,CUST00976,2025-12-23,214.1
ORD001405,CUST00274,2025-12-31,255.71
ORD001406,CUST00716,2025-12-02,128.03
ORD001407,CUST00956,2025-12-31,43.13
ORD001408,CUST00867,2025-12-31,160.33
ORD001409,CUST00095,2025-05-16,242.9
ORD001410,CUST00859,2025-09-06,54.13
ORD001411,CUST00747,2025-11-23,50.81
ORD001412,CUST00846,2025-12-31,194.8
ORD001413,CUST00404,2025-12-31,50.2
ORD001414,CUST00485,2025-03-31,177.74
ORD001415,CUST00333,2025-09-07,389.13
ORD001416,CUST00026,2025-03-27,111.08
ORD001417,CUST00206,2025-08-24,18.76
ORD001418,CUST00035,2025-07-11,50.12
ORD001419,CUST00120,2025-06-21,57.43
ORD001420,CUST00824,2025-10-28,159.05
ORD001421,CUST00174,2025-11-10,86.74
ORD001422,CUST00979,2025-09-01,199.39
ORD001423,CUST00804,2025-05-04,211.78
ORD001424,CUST00187,2025-12-01,216.22
ORD001425,CUST01000,2025-12-31,102.02
ORD001426,CUST00330,2025-01-25,170.01
ORD001427,CUST00429,2025-07-01,73.17
ORD001428,CUST00432,2025-10-30,103.82
ORD001429,CUST00666,2025-11-09,197.16
ORD001430,CUST00411,2025-06-10,90.32
ORD001431,CUST00944,2025-09-07,161.65
ORD001432,CUST00194,2025-09-29,97.05
ORD001433,CUST00709,2025-03-17,90.31
ORD001434,CUST00312,2025-12-31,257.82
ORD001435,CUST00490,2025-11-17,71.51
ORD001436,CUST00829,2025-06-02,51.7
ORD001437,CUST00916,2025-11-19,119.36
ORD001438,CUST00795,2025-12-18,55.25
ORD001439,CUST00908,2025-12-11,290.73
ORD001440,CUST00211,2025-12-31,175.01
ORD001441,CUST00358,2025-12-19,68.94
ORD001442,CUST00959,2025-09-12,63.12
ORD001443,CUST00302,2025-12-31,411.74
ORD001444,CUST00849,2025-05-28,43.26
ORD001445,CUST00057,2025-08-09,227.99
ORD001446,CUST00354,2025-10-11,48.58
ORD001447,CUST00308,2025-02-11,67.14
ORD001448,CUST00691,2025-07-19,187.09
ORD001449,CUST00829,2025-02-27,235.12
ORD001450,CUST00333,2025-07-29,28.67
ORD001451,CUST00648,2025-12-31,89.54
ORD001452,CUST00806,2025-05-03,82.87
ORD001453,CUST00398,2025-07-04,427.69
ORD001454,CUST00726,2025-10-22,176.18
ORD001455,CUST00475,2025-11-08,55.49
ORD001456,CUST00383,2025-11-30,98.61
ORD001457,CUST00185,2025-10-12,207.36
ORD001458,CUST00143,2025-03-12,125.69
ORD001459,CUST00363,2025-12-31,30.59
ORD001460,CUST00301,2025-11-16,98.13
ORD001461,CUST00693,2025-06-03,168.17
ORD001462,CUST00437,2025-04-09,52.6
ORD001463,CUST00778,2025-12-30,182.55
ORD001464,CUST00789,2025-12-31,42.45
ORD001465,CUST00153,2025-11-11,184.58
ORD001466,CUST00750,2025-08-09,49.8
ORD001467,CUST00812,2025-10-28,133.22
ORD001468,CUST00569,2025-05-13,81.05
ORD001469,CUST00405,2025-12-31,190.31
ORD001470,CUST00148,2025-07-17,93.58
ORD001471,CUST00689,2025-10-27,162.44
ORD001472,CUST00025,2025-11-17,65.5
ORD001473,CUST00630,2025-12-31,259.34
ORD001474,CUST00267,2025-07-21,10.22
ORD001475,CUST00312,2025-09-30,177.24
ORD001476,CUST00569,2025-05-29,151.15
ORD001477,CUST00131,2025-12-31,34.08
ORD001478,CUST00369,2025-09-17,196.91
ORD001479,CUST00329,2025-06-24,230.54
ORD001480,CUST00398,2025-07-19,33.34
ORD001481,CUST00381,2025-12-31,57.03
ORD001482,CUST00924,2025-08-10,12.89
ORD001483,CUST00553,2025-12-31,39.13
ORD001484,CUST00316,2025-10-22,66.26
ORD001485,CUST00530,2025-04-02,320.01
ORD001486,CUST00929,2025-08-08,55.97
ORD001487,CUST00820,2025-08-28,24.91
ORD001488,CUST00939,2025-10-14,177.9
ORD001489,CUST00975,2025-08-08,85.65
ORD001490,CUST00583,2025-10-28,45.45
ORD001491,CUST00429,2025-06-07,158.35
ORD001492,CUST00002,2025-12-31,78.76
ORD001493,CUST00016,2025-11-01,50.27
ORD001494,CUST00572,2025-12-11,112.49
ORD001495,CUST00393,2025-08-20,103.24
ORD001496,CUST00201,2025-10-02,48.25
ORD001497,CUST00463,2025-09-02,29.6
ORD001498,CUST00423,2025-12-31,147.12
ORD001499,CUST00697,2025-03-01,30.76
ORD001500,CUST00916,2025-10-31,209.13
ORD001501,CUST00707,2025-12-22,39.07
ORD001502,CUST00910,2025-10-06,81.88
ORD001503,CUST00823,2025-05-26,54.18
ORD001504,CUST00564,2025-09-14,147.99
ORD001505,CUST00440,2025-09-02,91.18
ORD001506,CUST00352,2025-08-12,22.77
ORD001507,CUST00315,2025-12-21,127.98
ORD001508,CUST00311,2025-04-06,208.79
ORD001509,CUST00236,2025-07-03,189.34
ORD001510,CUST00534,2025-12-31,93.45
ORD001511,CUST00830,2025-12-31,212.68
ORD001512,CUST00957,2025-10-27,125.64
ORD001513,CUST00842,2025-12-20,133.76
ORD001514,CUST00818,2025-10-21,109.72
ORD001515,CUST00849,2025-06-28,230.34
ORD001516,CUST00020,2025-12-31,108.72
ORD001517,CUST00144,2025-09-05,205.13
ORD001518,CUST00686,2025-12-31,148.18
ORD001519,CUST00036,2025-12-02,150.77
ORD001520,CUST00969,2025-04-02,53.98
ORD001521,CUST00605,2025-12-31,62.64
ORD001522,CUST00958,2025-12-04,180.74
ORD001523,CUST00338,2025-04-16,69.39
ORD001524,CUST00853,2025-12-31,13.37
ORD001525,CUST00291,2025-12-31,35.27
ORD001526,CUST00395,2025-08-02,171.65
ORD001527,CUST00246,2025-12-21,166.04
ORD001528,CUST00799,2025-12-31,110.59
ORD001529,CUST00349,2025-08-08,20.48
ORD001530,CUST00463,2025-09-09,130.57
ORD001531,CUST00730,2025-12-31,113.3
ORD001532,CUST00015,2025-10-20,104.98
ORD001533,CUST00304,2025-09-02,10.75
ORD001534,CUST00426,2025-06-20,203.38
ORD001535,CUST00678,2025-03-28,48.61
ORD001536,CUST00447,2025-06-27,132.52
ORD001537,CUST00799,2025-12-31,102.81
ORD001538,CUST00884,2025-07-04,339.95
ORD001539,CUST00953,2025-12-21,68.67
ORD001540,CUST00521,2025-12-31,62.08
ORD001541,CUST00890,2025-12-31,73.73
ORD001542,CUST00349,2025-10-26,178.58
ORD001543,CUST00443,2025-05-13,58.41
ORD001544,CUST00501,2025-11-23,74.51
ORD001545,CUST00299,2025-07-31,88.91
ORD001546,CUST00004,2025-09-02,101.95
ORD001547,CUST00915,2025-07-11,81.95
ORD001548,CUST00437,2025-08-18,118.77
ORD001549,CUST00911,2025-09-11,189.4
ORD001550,CUST00727,2025-12-05,27.49
ORD001551,CUST00975,2025-08-23,105.38
ORD001552,CUST00788,2025-08-23,78.87
ORD001553,CUST00923,2025-07-03,225.3
ORD001554,CUST00476,2025-12-29,62.47
ORD001555,CUST00844,2025-09-22,59.09
ORD001556,CUST00570,2025-10-09,119.99
ORD001557,CUST00378,2025-12-31,179.56
ORD001558,CUST00481,2025-09-12,66.04
ORD001559,CUST00978,2025-05-08,284.72
ORD001560,CUST00835,2025-11-13,370.56
ORD001561,CUST00516,2025-06-23,16.38
ORD001562,CUST00987,2025-09-16,195.71
ORD001563,CUST00727,2025-12-31,149.52
ORD001564,CUST00799,2025-12-25,115.79
ORD001565,CUST00196,2025-06-13,176.24
ORD001566,CUST00778,2025-12-31,87.57
ORD001567,CUST00748,2025-05-10,266.05
ORD001568,CUST00960,2025-07-19,146.99
ORD001569,CUST00882,2025-12-31,181.53
ORD001570,CUST00576,2025-04-04,108.98
ORD001571,CUST00696,2025-06-28,162.05
ORD001572,CUST00254,2025-12-31,161.06
ORD001573,CUST00971,2025-06-10,88.02
ORD001574,CUST00074,2025-10-06,50.04
ORD001575,CUST00852,2025-03-18,235.24
ORD001576,CUST00205,2025-08-09,117.81
ORD001577,CUST00674,2025-10-24,198.65
ORD001578,CUST00291,2025-12-31,151.68
ORD001579,CUST00292,2025-12-31,162.68
ORD001580,CUST00669,2025-10-27,137.98
ORD001581,CUST00510,2025-07-08,65.81
ORD001582,CUST00637,2025-02-27,55.81
ORD001583,CUST00454,2025-05-13,132.25
ORD001584,CUST00622,2025-08-20,224.29
ORD001585,CUST00940,2025-12-27,131.49
ORD001586,CUST00326,2025-01-28,188.18
ORD001587,CUST00315,2025-12-31,45.61
ORD001588,CUST00181,2025-12-31,317.59
ORD001589,CUST00230,2025-05-10,84.01
ORD001590,CUST00562,2025-04-08,41.87
ORD001591,CUST00513,2025-06-13,205.08
ORD001592,CUST00630,2025-11-17,60.94
ORD001593,CUST00535,2025-07-18,71.96
ORD001594,CUST00803,2025-12-31,211.28
ORD001595,CUST00173,2025-10-31,51.52
ORD001596,CUST00876,2025-01-12,85.55
ORD001597,CUST00908,2025-07-24,175.51
ORD001598,CUST00957,2025-05-30,41.98
ORD001599,CUST00131,2025-12-22,42.64
ORD001600,CUST00179,2025-12-31,97.04
ORD001601,CUST00420,2025-12-31,76.07
ORD001602,CUST00884,2025-03-24,132.04
ORD001603,CUST00552,2025-07-18,87.92
ORD001604,CUST00932,2025-04-11,57.55
ORD001605,CUST00878,2025-12-31,33.64
ORD001606,CUST00308,2025-04-13,88.46
ORD001607,CUST00251,2025-12-31,107.3
ORD001608,CUST00981,2025-09-18,82.77
ORD001609,CUST00530,2025-06-17,188.2
ORD001610,CUST00755,2025-07-18,127.26
ORD001611,CUST00486,2025-12-31,53.43
ORD001612,CUST00560,2025-12-31,174.0
ORD001613,CUST00266,2025-12-31,89.16
ORD001614,CUST00560,2025-11-11,122.7
ORD001615,CUST00251,2025-12-24,61.68
ORD001616,CUST00940,2025-11-13,114.49
ORD001617,CUST00224,2025-10-01,177.48
ORD001618,CUST00302,2025-12-31,338.4
ORD001619,CUST00499,2025-12-31,329.54
ORD001620,CUST00208,2025-09-21,258.55
ORD001621,CUST00992,2025-01-27,186.08
ORD001622,CUST00850,2025-07-08,262.23
ORD001623,CUST00844,2025-05-18,146.37
ORD001624,CUST00561,2025-11-29,128.65
ORD001625,CUST00070,2025-08-21,51.3
ORD001626,CUST00171,2025-07-27,151.55
ORD001627,CUST00848,2025-12-31,36.0
ORD001628,CUST00029,2025-12-31,443.58
ORD001629,CUST00757,2025-05-20,63.29
ORD001630,CUST00671,2025-11-12,45.09
ORD001631,CUST00950,2025-12-31,59.87
ORD001632,CUST00504,2025-12-17,131.09
ORD001633,CUST00473,2025-12-31,259.97
ORD001634,CUST00739,2025-05-14,83.95
ORD001635,CUST00303,2025-05-22,215.92
ORD001636,CUST00051,2025-02-07,174.33
ORD001637,CUST00295,2025-08-06,48.07
ORD001638,CUST00588,2025-10-01,103.4
ORD001639,CUST00733,2025-09-02,54.01
ORD001640,CUST00554,2025-12-05,77.73
ORD001641,CUST00710,2025-12-31,82.75
ORD001642,CUST00224,2025-07-21,80.69
ORD001643,CUST00537,2025-08-19,108.97
ORD001644,CUST00777,2025-09-30,195.94
ORD001645,CUST00265,2025-12-31,41.83
ORD001646,CUST00312,2025-10-23,132.9
ORD001647,CUST00718,2025-10-21,15.76
ORD001648,CUST00410,2025-04-13,208.86
ORD001649,CUST00758,2025-12-03,425.88
ORD001650,CUST00071,2025-07-29,50.87
ORD001651,CUST00031,2025-04-17,2.14
ORD001652,CUST00912,2025-07-08,68.21
ORD001653,CUST00066,2025-05-30,136.02
ORD001654,CUST00308,2025-07-13,164.75
ORD001655,CUST00651,2025-12-31,121.03
ORD001656,CUST00458,2025-12-29,195.14
ORD001657,CUST00298,2025-06-24,202.13
ORD001658,CUST00580,2025-08-17,19.81
ORD001659,CUST00357,2025-03-18,133.57
ORD001660,CUST00207,2025-06-17,177.71
ORD001661,CUST00191,2025-12-31,49.22
ORD001662,CUST00434,2025-12-04,101.23
ORD001663,CUST00399,2025-07-24,181.55
ORD001664,CUST00098,2025-03-09,95.03
ORD001665,CUST00687,2025-08-02,47.13
ORD001666,CUST00905,2025-09-26,84.16
ORD001667,CUST00183,2025-11-08,311.86
ORD001668,CUST00085,2025-12-31,119.2
ORD001669,CUST00601,2025-08-13,91.27
ORD001670,CUST00693,2025-06-30,102.71
ORD001671,CUST00885,2025-12-31,33.38
ORD001672,CUST00883,2025-05-27,35.7
ORD001673,CUST00153,2025-10-31,90.16
ORD001674,CUST00313,2025-12-31,65.23
ORD001675,CUST00758,2025-12-10,26.85
ORD001676,CUST00754,2025-07-21,107.49
ORD001677,CUST00720,2025-12-31,98.81
ORD001678,CUST00806,2025-08-14,87.66
ORD001679,CUST00635,2025-10-08,147.08
ORD001680,CUST00140,2025-12-31,120.68
ORD001681,CUST00789,2025-12-31,154.15
ORD001682,CUST00577,2025-12-31,89.88
ORD001683,CUST00720,2025-12-31,258.65
ORD001684,CUST00566,2025-10-31,84.29
ORD001685,CUST00422,2025-05-06,269.51
ORD001686,CUST00239,2025-12-31,105.47
ORD001687,CUST00601,2025-08-16,20.64
ORD001688,CUST00588,2025-07-30,142.04
ORD001689,CUST00202,2025-04-28,64.07
ORD001690,CUST00038,2025-12-31,66.81
ORD001691,CUST00437,2025-05-05,39.63
ORD001692,CUST00980,2025-12-31,236.21
ORD001693,CUST00523,2025-10-02,93.16
ORD001694,CUST00478,2025-08-27,195.35
ORD001695,CUST00517,2025-02-23,74.57
ORD001696,CUST00235,2025-08-20,74.67
ORD001697,CUST00767,2025-10-03,73.74
ORD001698,CUST00587,2025-04-27,27.7
ORD001699,CUST00610,2025-07-03,90.4
ORD001700,CUST00616,2025-10-05,36.47
ORD001701,CUST00909,2025-02-25,228.61
ORD001702,CUST00280,2025-10-13,196.96
ORD001703,CUST00823,2025-09-07,433.3
ORD001704,CUST00435,2025-12-31,108.35
ORD001705,CUST00059,2025-06-03,90.34
ORD001706,CUST00711,2025-07-01,67.23
ORD001707,CUST00039,2025-05-13,59.32
ORD001708,CUST00623,2025-12-31,160.56
ORD001709,CUST00375,2025-12-31,324.04
ORD001710,CUST00730,2025-12-31,45.79
ORD001711,CUST00808,2025-11-25,95.21
ORD001712,CUST00262,2025-07-25,213.14
ORD001713,CUST00546,2025-06-01,51.55
ORD001714,CUST00639,2025-10-17,305.24
ORD001715,CUST00651,2025-11-06,113.69
ORD001716,CUST00011,2025-12-31,25.69
ORD001717,CUST00469,2025-12-09,113.12
ORD001718,CUST00779,2025-05-24,85.38
ORD001719,CUST00296,2025-11-07,117.54
ORD001720,CUST00184,2025-11-16,170.87
ORD001721,CUST00160,2025-10-28,159.59
ORD001722,CUST00493,2025-10-04,125.61
ORD001723,CUST00766,2025-03-04,28.12
ORD001724,CUST00011,2025-12-04,53.76
ORD001725,CUST00335,2025-01-07,100.94
ORD001726,CUST00151,2025-06-18,212.39
ORD001727,CUST00149,2025-08-22,194.44
ORD001728,CUST00912,2025-07-18,252.25
ORD001729,CUST00043,2025-12-31,36.82
ORD001730,CUST00557,2025-12-01,170.15
ORD001731,CUST00355,2025-12-31,218.24
ORD001732,CUST00050,2025-12-31,167.55
ORD001733,CUST00386,2025-12-31,148.77
ORD001734,CUST00397,2025-08-26,307.12
ORD001735,CUST00617,2025-12-31,110.17
ORD001736,CUST00694,2025-08-28,100.9
ORD001737,CUST00887,2025-07-01,98.72
ORD001738,CUST00002,2025-12-31,134.18
ORD001739,CUST00153,2025-08-25,96.79
ORD001740,CUST00284,2025-04-19,80.12
ORD001741,CUST00619,2025-12-31,83.38
ORD001742,CUST00616,2025-08-03,118.09
ORD001743,CUST00291,2025-12-31,48.93
ORD001744,CUST00642,2025-12-31,104.71
ORD001745,CUST00957,2025-10-16,200.75
ORD001746,CUST00397,2025-10-28,7.22
ORD001747,CUST00382,2025-06-12,181.8
ORD001748,CUST00616,2025-08-13,157.24
ORD001749,CUST00504,2025-12-31,147.5
ORD001750,CUST00465,2025-08-15,24.35
ORD001751,CUST00779,2025-09-05,127.56
ORD001752,CUST00521,2025-12-31,78.25
ORD001753,CUST00809,2025-05-26,253.87
ORD001754,CUST00432,2025-08-14,59.15
ORD001755,CUST00188,2025-12-31,115.73
ORD001756,CUST00635,2025-12-02,46.44
ORD001757,CUST00673,2025-05-15,160.75
ORD001758,CUST00118,2025-12-31,76.92
ORD001759,CUST00592,2025-10-21,260.34
ORD001760,CUST00038,2025-12-31,209.36
ORD001761,CUST00610,2025-07-31,129.12
ORD001762,CUST00176,2025-12-31,24.35
ORD001763,CUST00407,2025-10-07,13.29
ORD001764,CUST00999,2025-12-31,15.25
ORD001765,CUST00659,2025-10-25,43.2
ORD001766,CUST00518,2025-12-31,18.12
ORD001767,CUST00742,2025-02-25,224.48
ORD001768,CUST00178,2025-10-20,133.11
ORD001769,CUST00108,2025-09-24,130.14
ORD001770,CUST00652,2025-11-13,8.18
ORD001771,CUST00303,2025-11-05,70.89
ORD001772,CUST00972,2025-05-17,212.26
ORD001773,CUST00314,2025-07-09,146.55
ORD001774,CUST00053,2025-12-09,356.97
ORD001775,CUST00539,2025-12-31,13.43
ORD001776,CUST00212,2025-12-31,112.49
ORD001777,CUST00605,2025-11-16,115.46
ORD001778,CUST00466,2025-06-01,61.83
ORD001779,CUST00076,2025-12-31,80.3
ORD001780,CUST00969,2025-04-16,32.92
ORD001781,CUST00228,2025-12-09,158.77
ORD001782,CUST00360,2025-07-04,49.72
ORD001783,CUST00209,2025-10-23,62.63
ORD001784,CUST00934,2025-10-05,42.12
ORD001785,CUST00921,2025-04-07,234.51
ORD001786,CUST00503,2025-06-25,132.15
ORD001787,CUST00567,2025-07-07,32.18
ORD001788,CUST00114,2025-11-06,64.79
ORD001789,CUST00726,2025-10-18,227.3
ORD001790,CUST00725,2025-05-30,53.16
ORD001791,CUST00134,2025-11-06,67.49
ORD001792,CUST00345,2025-11-17,54.07
ORD001793,CUST00244,2025-05-28,43.47
ORD001794,CUST00175,2025-10-12,168.87
ORD001795,CUST00188,2025-12-31,266.47
ORD001796,CUST00032,2025-08-15,171.0
ORD001797,CUST00143,2025-05-26,206.7
ORD001798,CUST00660,2025-07-25,207.84
ORD001799,CUST00613,2025-09-18,353.47
ORD001800,CUST00531,2025-06-30,204.16
ORD001801,CUST00034,2025-11-18,259.43
ORD001802,CUST00729,2025-12-05,372.75
ORD001803,CUST00511,2025-11-24,134.49
ORD001804,CUST00527,2025-05-12,80.69
ORD001805,CUST00794,2025-12-31,136.47
ORD001806,CUST00936,2025-12-04,112.45
ORD001807,CUST00162,2025-08-01,180.3
ORD001808,CUST00865,2025-10-30,152.18
ORD001809,CUST00968,2025-08-19,135.98
ORD001810,CUST00259,2025-12-31,84.81
ORD001811,CUST00233,2025-10-25,47.17
ORD001812,CUST00495,2025-12-08,93.24
ORD001813,CUST00578,2025-06-28,230.84
ORD001814,CUST00400,2025-06-27,252.71
ORD001815,CUST00885,2025-10-07,115.06
ORD001816,CUST00987,2025-09-17,188.71
ORD001817,CUST00481,2025-12-31,132.16
ORD001818,CUST00011,2025-12-22,215.54
ORD001819,CUST00879,2025-10-02,220.47
ORD001820,CUST00599,2025-08-18,78.93
ORD001821,CUST00175,2025-08-21,6.12
ORD001822,CUST00341,2025-12-31,68.01
ORD001823,CUST00929,2025-08-16,85.41
ORD001824,CUST00057,2025-08-23,26.15
ORD001825,CUST00845,2025-09-02,178.84
ORD001826,CUST00684,2025-08-21,105.54
ORD001827,CUST00181,2025-12-31,158.79
ORD001828,CUST00549,2025-09-28,44.52
ORD001829,CUST00100,2025-08-27,49.76
ORD001830,CUST00138,2025-10-01,218.62
ORD001831,CUST00117,2025-05-04,187.55
ORD001832,CUST00421,2025-12-31,136.9
ORD001833,CUST00355,2025-10-20,45.71
ORD001834,CUST00966,2025-12-26,258.14
ORD001835,CUST00027,2025-10-02,229.75
ORD001836,CUST00703,2025-08-19,20.97
ORD001837,CUST00279,2025-10-23,111.37
ORD001838,CUST00733,2025-10-16,129.84
ORD001839,CUST00911,2025-11-30,99.8
ORD001840,CUST00465,2025-07-27,52.52
ORD001841,CUST00833,2025-10-21,247.46
ORD001842,CUST00434,2025-12-31,119.59
ORD001843,CUST00546,2025-03-08,69.38
ORD001844,CUST00753,2025-11-17,140.92
ORD001845,CUST00412,2025-11-24,41.89
ORD001846,CUST00394,2025-12-31,131.77
ORD001847,CUST00929,2025-09-27,272.61
ORD001848,CUST00704,2025-08-21,162.64
ORD001849,CUST00205,2025-12-14,30.59
ORD001850,CUST00224,2025-09-20,12.86
ORD001851,CUST00121,2025-07-10,206.66
ORD001852,CUST00840,2025-09-26,114.02
ORD001853,CUST00339,2025-11-19,272.21
ORD001854,CUST00870,2025-06-09,70.22
ORD001855,CUST00230,2025-09-03,129.73
ORD001856,CUST00698,2025-08-31,62.72
ORD001857,CUST00535,2025-09-25,103.41
ORD001858,CUST00004,2025-07-05,19.07
ORD001859,CUST00411,2025-07-29,99.06
ORD001860,CUST00780,2025-12-31,190.53
ORD001861,CUST00101,2025-07-07,364.48
ORD001862,CUST00781,2025-11-29,58.15
ORD001863,CUST00369,2025-09-13,333.34
ORD001864,CUST00229,2025-12-31,277.87
ORD001865,CUST00649,2025-04-29,213.05
ORD001866,CUST00840,2025-06-08,201.24
ORD001867,CUST00714,2025-12-31,129.61
ORD001868,CUST00417,2025-07-13,209.54
ORD001869,CUST00647,2025-12-31,15.71
ORD001870,CUST00811,2025-12-31,38.82
ORD001871,CUST00237,2025-12-04,61.74
ORD001872,CUST00089,2025-11-03,81.83
ORD001873,CUST00680,2025-12-11,260.9
ORD001874,CUST00566,2025-08-10,110.63
ORD001875,CUST00049,2025-04-19,101.76
ORD001876,CUST00456,2025-11-24,105.09
ORD001877,CUST00335,2025-01-23,22.18
ORD001878,CUST00826,2025-12-26,157.38
ORD001879,CUST00894,2025-12-31,98.62
ORD001880,CUST00883,2025-10-31,83.99
ORD001881,CUST00083,2025-11-07,170.73
ORD001882,CUST00783,2025-12-31,91.87
ORD001883,CUST00475,2025-12-13,135.46
ORD001884,CUST00200,2025-11-14,71.17
ORD001885,CUST00878,2025-12-31,48.61
ORD001886,CUST00956,2025-12-31,178.49
ORD001887,CUST00170,2025-12-31,328.84
ORD001888,CUST00833,2025-11-15,85.31
ORD001889,CUST00428,2025-06-08,36.62
ORD001890,CUST00162,2025-06-11,48.59
ORD001891,CUST00284,2025-09-21,154.44
ORD001892,CUST00385,2025-12-31,74.54
ORD001893,CUST00272,2025-09-30,51.19
ORD001894,CUST00333,2025-07-29,91.87
ORD001895,CUST00980,2025-12-31,64.93
ORD001896,CUST00927,2025-06-03,86.98
ORD001897,CUST00918,2025-12-01,62.1
ORD001898,CUST00464,2025-11-04,71.84
ORD001899,CUST00053,2025-12-31,301.37
ORD001900,CUST00029,2025-12-13,198.76
ORD001901,CUST00253,2025-07-05,37.01
ORD001902,CUST00845,2025-08-08,324.49
ORD001903,CUST00253,2025-07-13,63.58
ORD001904,CUST00270,2025-04-08,79.85
ORD001905,CUST00978,2025-04-13,70.79
ORD001906,CUST00578,2025-11-19,86.18
ORD001907,CUST00901,2025-12-31,239.94
ORD001908,CUST00334,2025-06-19,94.78
ORD001909,CUST00495,2025-12-29,130.23
ORD001910,CUST00379,2025-05-24,80.74
ORD001911,CUST00670,2025-08-17,132.61
ORD001912,CUST00838,2025-06-25,240.18
ORD001913,CUST00010,2025-12-31,172.57
ORD001914,CUST00230,2025-05-02,41.36
ORD001915,CUST00014,2025-12-31,100.26
ORD001916,CUST00242,2025-12-31,271.6
ORD001917,CUST00287,2025-08-21,30.75
ORD001918,CUST00897,2025-07-24,45.34
ORD001919,CUST00688,2025-05-14,263.55
ORD001920,CUST00674,2025-12-29,59.63
ORD001921,CUST00514,2025-11-09,106.46
ORD001922,CUST00203,2025-07-12,341.22
ORD001923,CUST00675,2025-12-31,92.27
ORD001924,CUST00114,2025-11-07,178.33
ORD001925,CUST00334,2025-03-18,45.83
ORD001926,CUST00036,2025-08-04,55.8
ORD001927,CUST00300,2025-12-31,89.14
ORD001928,CUST00674,2025-08-28,185.84
ORD001929,CUST00904,2025-03-21,103.56
ORD001930,CUST00473,2025-10-26,181.94
ORD001931,CUST00839,2025-05-31,36.3
ORD001932,CUST00162,2025-07-05,87.63
ORD001933,CUST00423,2025-12-31,223.29
ORD001934,CUST00319,2025-12-31,33.39
ORD001935,CUST00776,2025-10-11,97.63
ORD001936,CUST00325,2025-07-12,118.43
ORD001937,CUST00193,2025-05-18,43.36
ORD001938,CUST00887,2025-07-20,43.86
ORD001939,CUST00040,2025-10-27,303.73
ORD001940,CUST00933,2025-05-12,76.87
ORD001941,CUST00565,2025-12-31,134.15
ORD001942,CUST00757,2025-05-24,159.67
ORD001943,CUST00971,2025-07-19,61.66
ORD001944,CUST00600,2025-12-16,30.11
ORD001945,CUST00584,2025-07-15,40.65
ORD001946,CUST00745,2025-10-18,43.49
ORD001947,CUST00884,2025-07-12,55.05
ORD001948,CUST00513,2025-04-17,104.24
ORD001949,CUST00959,2025-10-15,327.55
ORD001950,CUST00997,2025-12-23,130.76
ORD001951,CUST00796,2025-12-31,229.95
ORD001952,CUST00419,2025-11-23,40.65
ORD001953,CUST00346,2025-09-22,89.83
ORD001954,CUST00732,2025-03-26,47.28
ORD001955,CUST00521,2025-12-31,238.09
ORD001956,CUST00785,2025-03-28,135.15
ORD001957,CUST00503,2025-07-16,102.65
ORD001958,CUST00183,2025-06-12,30.51
ORD001959,CUST00411,2025-07-26,31.98
ORD001960,CUST00056,2025-12-31,49.3
ORD001961,CUST00736,2025-12-28,173.0
ORD001962,CUST00877,2025-09-04,25.41
ORD001963,CUST00673,2025-04-18,189.96
ORD001964,CUST00929,2025-05-13,63.7
ORD001965,CUST00206,2025-05-30,32.22
ORD001966,CUST00698,2025-09-27,137.8
ORD001967,CUST00493,2025-06-26,107.4
ORD001968,CUST00559,2025-12-31,37.74
ORD001969,CUST00854,2025-06-11,225.43
ORD001970,CUST00885,2025-09-15,176.69
ORD001971,CUST00161,2025-04-19,119.5
ORD001972,CUST00965,2025-05-28,195.72
ORD001973,CUST00349,2025-06-18,90.48
ORD001974,CUST00773,2025-11-04,74.73
ORD001975,CUST00126,2025-09-15,185.57
ORD001976,CUST00101,2025-05-22,54.13
ORD001977,CUST00964,2025-08-14,233.74
ORD001978,CUST00897,2025-09-08,38.27
ORD001979,CUST00939,2025-10-24,147.6
ORD001980,CUST00711,2025-09-04,112.27
ORD001981,CUST00088,2025-11-08,142.57
ORD001982,CUST00371,2025-12-31,94.85
ORD001983,CUST00832,2025-12-31,85.76
ORD001984,CUST00142,2025-10-09,101.62
ORD001985,CUST00052,2025-10-19,68.7
ORD001986,CUST00693,2025-08-31,150.09
ORD001987,CUST00160,2025-11-27,71.41
ORD001988,CUST00139,2025-08-02,53.59
ORD001989,CUST00321,2025-07-01,37.55
ORD001990,CUST00963,2025-06-18,62.95
ORD001991,CUST00277,2025-10-12,119.42
ORD001992,CUST00996,2025-07-19,160.79
ORD001993,CUST00182,2025-10-28,56.0
ORD001994,CUST00414,2025-05-11,83.53
ORD001995,CUST00193,2025-08-24,190.68
ORD001996,CUST00828,2025-06-15,161.66
ORD001997,CUST00802,2025-03-10,98.69
ORD001998,CUST00583,2025-06-08,71.87
ORD001999,CUST00238,2025-12-31,91.61
ORD002000,CUST00729,2025-11-01,35.51
ORD002001,CUST00035,2025-08-09,147.63
ORD002002,CUST00467,2025-09-25,170.96
ORD002003,CUST00275,2025-09-26,176.07
ORD002004,CUST00167,2025-06-10,119.22
ORD002005,CUST00671,2025-07-09,156.22
ORD002006,CUST00524,2025-08-01,331.85
ORD002007,CUST00084,2025-12-31,73.39
ORD002008,CUST00467,2025-10-15,175.33
ORD002009,CUST00048,2025-12-13,151.91
ORD002010,CUST00222,2025-12-31,179.56
ORD002011,CUST00338,2025-06-14,122.22
ORD002012,CUST00334,2025-03-22,200.28
ORD002013,CUST00749,2025-08-15,134.28
ORD002014,CUST00372,2025-11-27,58.16
ORD002015,CUST00972,2025-08-25,45.36
ORD002016,CUST00064,2025-01-22,122.29
ORD002017,CUST00097,2025-12-31,189.3
ORD002018,CUST00945,2025-12-31,182.2
ORD002019,CUST00507,2025-10-14,162.0
ORD002020,CUST00320,2025-12-31,214.81
ORD002021,CUST00134,2025-10-29,133.09
ORD002022,CUST00039,2025-03-18,102.67
ORD002023,CUST00856,2025-09-08,131.04
ORD002024,CUST00461,2025-12-31,28.27
ORD002025,CUST00878,2025-12-31,65.14
ORD002026,CUST00208,2025-09-07,83.8
ORD002027,CUST00232,2025-12-24,38.42
ORD002028,CUST00849,2025-05-04,65.91
ORD002029,CUST00972,2025-10-10,75.37
ORD002030,CUST00605,2025-12-06,86.06
ORD002031,CUST00014,2025-12-30,23.94
ORD002032,CUST00742,2025-03-13,177.14
ORD002033,CUST00018,2025-12-31,147.09
ORD002034,CUST00028,2025-12-27,182.91
ORD002035,CUST00232,2025-11-30,92.68
ORD002036,CUST00822,2025-12-31,71.54
ORD002037,CUST00216,2025-03-04,21.18
ORD002038,CUST00129,2025-03-05,111.05
ORD002039,CUST00064,2025-03-11,135.34
ORD002040,CUST00363,2025-12-31,244.69
ORD002041,CUST00321,2025-06-25,129.97
ORD002042,CUST00620,2025-12-31,245.5
ORD002043,CUST00777,2025-12-31,51.64
ORD002044,CUST00557,2025-09-03,105.89
ORD002045,CUST00446,2025-09-13,66.1
ORD002046,CUST00184,2025-12-31,98.09
ORD002047,CUST00862,2025-06-09,20.87
ORD002048,CUST00553,2025-12-31,62.04
ORD002049,CUST00558,2025-12-31,183.41
ORD002050,CUST00263,2025-03-31,124.09
ORD002051,CUST00309,2025-12-31,122.11
ORD002052,CUST00811,2025-12-31,183.78
ORD002053,CUST00844,2025-06-10,127.13
ORD002054,CUST00177,2025-09-20,56.24
ORD002055,CUST00097,2025-12-06,15.87
ORD002056,CUST00043,2025-12-31,100.34
ORD002057,CUST00008,2025-06-04,25.06
ORD002058,CUST00955,2025-07-16,29.47
ORD002059,CUST00952,2025-11-29,119.74
ORD002060,CUST00180,2025-12-31,224.76
ORD002061,CUST00764,2025-08-19,8.32
ORD002062,CUST00971,2025-09-26,37.12
ORD002063,CUST00721,2025-04-22,161.72
ORD002064,CUST00074,2025-10-11,180.94
ORD002065,CUST00754,2025-08-14,207.03
ORD002066,CUST00625,2025-12-31,98.23
ORD002067,CUST00495,2025-11-21,82.26
ORD002068,CUST00104,2025-09-12,275.32
ORD002069,CUST00045,2025-04-07,88.98
ORD002070,CUST00329,2025-05-11,178.61
ORD002071,CUST00426,2025-09-16,73.68
ORD002072,CUST00523,2025-10-14,173.24
ORD002073,CUST00364,2025-12-31,177.19
ORD002074,CUST00330,2025-04-12,26.91
ORD002075,CUST00011,2025-12-31,150.87
ORD002076,CUST00773,2025-12-31,61.1
ORD002077,CUST00804,2025-05-17,92.13
ORD002078,CUST00270,2025-06-27,95.81
ORD002079,CUST00179,2025-11-04,19.6
ORD002080,CUST00219,2025-11-05,122.96
ORD002081,CUST00912,2025-09-14,97.87
ORD002082,CUST00800,2025-06-21,170.86
ORD002083,CUST00696,2025-07-22,142.53
ORD002084,CUST00147,2025-10-29,54.29
ORD002085,CUST00857,2025-11-13,69.7
ORD002086,CUST00503,2025-09-26,124.87
ORD002087,CUST00527,2025-04-30,14.3
ORD002088,CUST00873,2025-05-04,47.67
ORD002089,CUST00491,2025-09-21,147.46
ORD002090,CUST00122,2025-12-31,102.19
ORD002091,CUST00924,2025-06-28,58.52
ORD002092,CUST00475,2025-12-31,147.24
ORD002093,CUST00291,2025-12-31,201.91
ORD002094,CUST00190,2025-10-22,93.07
ORD002095,CUST00941,2025-12-31,34.76
ORD002096,CUST00312,2025-09-15,163.75
ORD002097,CUST00752,2025-07-28,29.29
ORD002098,CUST00125,2025-12-31,220.17
ORD002099,CUST00544,2025-11-03,68.74
ORD002100,CUST00706,2025-12-31,45.51
ORD002101,CUST00572,2025-12-11,37.48
ORD002102,CUST00860,2025-12-31,55.72
ORD002103,CUST00754,2025-08-21,205.19
ORD002104,CUST00129,2025-03-22,114.32
ORD002105,CUST00720,2025-12-31,182.83
ORD002106,CUST00808,2025-12-31,143.56
ORD002107,CUST00832,2025-12-31,118.08
ORD002108,CUST00994,2025-07-11,68.62
ORD002109,CUST00734,2025-12-31,46.58
ORD002110,CUST00237,2025-11-15,49.97
ORD002111,CUST00763,2025-12-31,115.29
ORD002112,CUST00706,2025-10-20,138.08
ORD002113,CUST00985,2025-12-31,136.18
ORD002114,CUST00001,2025-05-03,186.81
ORD002115,CUST00013,2025-06-16,130.98
ORD002116,CUST00108,2025-11-23,22.25
ORD002117,CUST00837,2025-09-07,155.25
ORD002118,CUST00454,2025-06-10,132.09
ORD002119,CUST00455,2025-10-29,483.95
ORD002120,CUST00169,2025-12-31,114.29
ORD002121,CUST00491,2025-12-31,152.93
ORD002122,CUST00630,2025-12-05,130.91
ORD002123,CUST00882,2025-12-31,146.26
ORD002124,CUST00123,2025-10-30,30.77
ORD002125,CUST00033,2025-10-13,59.29
ORD002126,CUST00047,2025-09-15,159.66
ORD002127,CUST00251,2025-12-10,263.67
ORD002128,CUST00422,2025-07-18,133.59
ORD002129,CUST00789,2025-12-31,93.66
ORD002130,CUST00331,2025-07-10,442.58
ORD002131,CUST00536,2025-04-29,126.88
ORD002132,CUST00675,2025-12-31,59.62
ORD002133,CUST00846,2025-12-31,53.99
ORD002134,CUST00693,2025-08-06,101.64
ORD002135,CUST00334,2025-07-18,89.53
ORD002136,CUST00621,2025-12-31,51.31
ORD002137,CUST00153,2025-06-28,389.29
ORD002138,CUST00850,2025-09-04,53.4
ORD002139,CUST00355,2025-12-03,120.77
ORD002140,CUST00687,2025-07-28,119.29
ORD002141,CUST00402,2025-11-24,34.72
ORD002142,CUST00222,2025-12-31,257.22
ORD002143,CUST00459,2025-04-15,142.27
ORD002144,CUST00557,2025-10-08,49.66
ORD002145,CUST00462,2025-12-31,162.11
ORD002146,CUST00031,2025-07-14,141.6
ORD002147,CUST00250,2025-05-06,85.15
ORD002148,CUST00054,2025-12-31,94.31
ORD002149,CUST00543,2025-09-11,117.77
ORD002150,CUST00254,2025-12-31,66.23
ORD002151,CUST00446,2025-08-16,91.91
ORD002152,CUST00647,2025-12-31,77.23
ORD002153,CUST00266,2025-10-03,176.22
ORD002154,CUST00728,2025-10-24,263.88
ORD002155,CUST00107,2025-12-11,201.42
ORD002156,CUST00493,2025-09-01,245.42
ORD002157,CUST00562,2025-06-08,55.72
ORD002158,CUST00565,2025-12-31,98.38
ORD002159,CUST00950,2025-12-31,263.67
ORD002160,CUST00634,2025-05-14,87.12
ORD002161,CUST00312,2025-10-28,81.82
ORD002162,CUST00625,2025-11-19,160.09
ORD002163,CUST00281,2025-08-01,95.04
ORD002164,CUST00286,2025-11-17,80.44
ORD002165,CUST00461,2025-12-31,184.17
ORD002166,CUST00105,2025-07-01,24.29
ORD002167,CUST00665,2025-12-26,106.64
ORD002168,CUST00322,2025-11-02,53.04
ORD002169,CUST00284,2025-07-04,67.1
ORD002170,CUST00708,2025-04-18,128.68
ORD002171,CUST00410,2025-06-12,176.08
ORD002172,CUST00994,2025-10-24,214.41
ORD002173,CUST00492,2025-10-14,66.9
ORD002174,CUST00290,2025-11-03,179.48
ORD002175,CUST00103,2025-07-28,340.69
ORD002176,CUST00471,2025-04-05,222.93
ORD002177,CUST00370,2025-12-29,105.65
ORD002178,CUST00033,2025-11-19,206.54
ORD002179,CUST00356,2025-07-04,63.55
ORD002180,CUST00156,2025-09-05,62.88
ORD002181,CUST00139,2025-03-26,51.91
ORD002182,CUST00843,2025-03-06,366.94
ORD002183,CUST00377,2025-12-31,141.59
ORD002184,CUST00628,2025-07-28,184.45
ORD002185,CUST00582,2025-03-14,49.1
ORD002186,CUST00070,2025-08-16,86.87
ORD002187,CUST00369,2025-06-13,75.84
ORD002188,CUST00850,2025-09-29,41.41
ORD002189,CUST00847,2025-06-05,172.79
ORD002190,CUST00377,2025-12-31,252.83
ORD002191,CUST00747,2025-12-31,120.06
ORD002192,CUST00193,2025-08-15,69.44
ORD002193,CUST00095,2025-04-28,162.21
ORD002194,CUST00094,2025-11-04,358.7
ORD002195,CUST00072,2025-08-21,99.87
ORD002196,CUST00111,2025-10-29,78.61
ORD002197,CUST00613,2025-10-22,72.45
ORD002198,CUST00738,2025-05-22,67.23
ORD002199,CUST00041,2025-12-31,273.6
ORD002200,CUST00383,2025-09-21,79.04
